OrderID,CustomerID,Gender,Age,City,ProductCategory,ProductName,Quantity,Price,DiscountPercent,OrderDate,ShippingCost,DeliveryDays,Rating,PaymentMethod,Price_Capped,Quantity_Capped,TotalAmount,OrderMonth,OrderYear,AgeGroup
100197,1304,Male,47,Chennai,Books,Cookbook,2,727.3,30,2024-02-27,65.94,5,3.0,Cash On Delivery,727.3,2.0,1018.22,2024-02,2024,46-55
101557,1030,Male,54,Kolkata,Fashion,Jacket,1,1016.17,0,2023-05-16,143.4,6,1.0,UPI,1016.17,1.0,1016.17,2023-05,2023,46-55
100573,1263,Female,35,Ahmedabad,Home & Kitchen,Bedsheet,1,2758.36,30,2023-11-03,71.16,4,5.0,Net Banking,2758.36,1.0,1930.85,2023-11,2023,26-35
101717,1063,Male,24,Kolkata,Home & Kitchen,Bedsheet,1,3563.96,10,2024-10-20,73.36,6,5.0,UPI,3563.96,1.0,3207.56,2024-10,2024,<=25
100201,1341,Male,20,Kolkata,Beauty,Hair Dryer,2,814.48,0,2024-03-07,65.06,9,5.0,Credit Card,814.48,2.0,1628.96,2024-03,2024,<=25
101949,1456,Male,42,Kolkata,Fashion,Sneakers,1,1061.47,5,2024-06-11,111.88,5,4.0,Credit Card,1061.47,1.0,1008.4,2024-06,2024,36-45
100913,1218,Male,59,Bangalore,Home & Kitchen,Mixer Grinder,4,2329.65,10,2023-07-30,57.1,7,3.0,UPI,2329.65,3.5,8386.74,2023-07,2023,56+
100842,1474,Male,18,Pune,Electronics,Laptop,1,14382.74,10,2024-06-29,67.87,6,2.0,UPI,6707.506249999999,1.0,12944.47,2024-06,2024,<=25
100475,1498,Male,31,Hyderabad,Beauty,Face Cream,1,929.18,0,2024-09-30,0.0,4,4.0,Cash On Delivery,929.18,1.0,929.18,2024-09,2024,26-35
100373,1280,Female,61,Pune,Sports,Football,1,1514.77,10,2023-09-09,78.75,2,5.0,Credit Card,1514.77,1.0,1363.29,2023-09,2023,56+
101445,1024,Male,35,Chennai,Books,Textbook,5,522.3,0,2024-11-04,155.29,4,5.0,Net Banking,522.3,3.5,2611.5,2024-11,2024,26-35
101103,1156,Female,45,Jaipur,Home & Kitchen,Bedsheet,2,4638.6,0,2024-01-05,76.11,5,5.0,Debit Card,4638.6,2.0,9277.2,2024-01,2024,36-45
100242,1154,Female,46,Chennai,Sports,Running Shoes,1,3160.16,20,2024-03-01,88.46,3,3.0,Cash On Delivery,3160.16,1.0,2528.13,2024-03,2024,46-55
100904,1039,Male,38,Chennai,Home & Kitchen,Vacuum Cleaner,1,4979.98,20,2023-12-20,120.12,6,3.0,Debit Card,4979.98,1.0,3983.98,2023-12,2023,36-45
101600,1321,Female,40,Mumbai,Electronics,Smartwatch,2,17109.78,10,2023-08-20,135.71,1,5.0,UPI,6707.506249999999,2.0,30797.6,2023-08,2023,36-45
101979,1294,Female,39,Chennai,Beauty,Lipstick,1,719.44,20,2024-06-08,52.12,1,5.0,Cash On Delivery,719.44,1.0,575.55,2024-06,2024,36-45
100207,1355,Male,31,Pune,Fashion,Handbag,1,1076.85,5,2024-03-18,55.18,1,1.0,Debit Card,1076.85,1.0,1023.01,2024-03,2024,26-35
100128,1063,Female,16,Jaipur,Beauty,Face Cream,1,18487.05821779402,10,2024-12-05,138.94,7,4.0,Cash On Delivery,6707.506249999999,1.0,16638.35,2024-12,2024,<=25
100977,1292,Male,36,Kolkata,Beauty,Shampoo,1,672.57,10,2023-02-02,79.39500000000001,6,5.0,Net Banking,672.57,1.0,605.31,2023-02,2023,36-45
101799,1284,Female,45,Jaipur,Electronics,Headphones,2,7634.18,30,2024-01-18,30.25,6,5.0,Credit Card,6707.506249999999,2.0,10687.85,2024-01,2024,36-45
101166,1336,Female,34,Mumbai,Beauty,Hair Dryer,1,605.17,10,2023-03-30,48.74,8,5.0,Cash On Delivery,605.17,1.0,544.65,2023-03,2023,26-35
101753,1178,Male,32,Bangalore,Books,Cookbook,1,433.63,10,2024-12-18,78.68,6,5.0,Debit Card,433.63,1.0,390.27,2024-12,2024,26-35
101178,1339,Male,31,Jaipur,Fashion,Handbag,1,1436.72,5,2023-12-28,79.39500000000001,6,4.0,Debit Card,1436.72,1.0,1364.88,2023-12,2023,26-35
100299,1102,Female,22,Delhi,Electronics,Tablet,1,12455.16,15,2023-11-15,116.37,2,2.0,Debit Card,6707.506249999999,1.0,10586.89,2023-11,2023,<=25
101361,1273,Male,37,Chennai,Beauty,Perfume,1,1041.05,20,2023-03-28,96.84,7,4.0,Credit Card,1041.05,1.0,832.84,2023-03,2023,36-45
100230,1259,Male,37,Patna,Books,Cookbook,1,514.14,5,2024-11-15,123.63,9,4.0,Debit Card,514.14,1.0,488.43,2024-11,2024,36-45
101486,1361,Male,35,Patna,Books,Textbook,4,146.95,10,2024-10-02,136.49,7,5.0,Net Banking,146.95,3.5,529.02,2024-10,2024,26-35
101756,1336,Male,45,Kolkata,Fashion,Handbag,1,2256.32,0,2024-08-07,101.62,3,4.0,UPI,2256.32,1.0,2256.32,2024-08,2024,36-45
100703,1208,Male,34,Chennai,Books,Comic,2,344.64,10,2024-12-19,114.06,4,4.0,Debit Card,344.64,2.0,620.35,2024-12,2024,26-35
101199,1166,Male,34,Chennai,Home & Kitchen,Vacuum Cleaner,4,1382.13,15,2023-05-19,43.65,2,5.0,Cash On Delivery,1382.13,3.5,4699.24,2023-05,2023,26-35
101689,1086,Female,23,Ahmedabad,Home & Kitchen,Mixer Grinder,1,4463.36,5,2023-10-14,83.1,5,4.0,Credit Card,4463.36,1.0,4240.19,2023-10,2023,<=25
100864,1311,Male,25,Hyderabad,Home & Kitchen,Lamp,1,2707.91,0,2024-05-06,64.69,5,2.0,Cash On Delivery,2707.91,1.0,2707.91,2024-05,2024,<=25
100821,1273,Female,29,Bangalore,Sports,Cricket Bat,1,1650.15,0,2024-11-24,79.39500000000001,5,4.0,Debit Card,1650.15,1.0,1650.15,2024-11,2024,26-35
101751,1469,Male,26,Bangalore,Home & Kitchen,Vacuum Cleaner,3,3869.63,30,2023-02-13,67.36,6,4.0,UPI,3869.63,3.0,8126.22,2023-02,2023,26-35
100111,1389,Female,53,Mumbai,Sports,Cricket Bat,1,1820.34,0,2023-12-13,30.88,3,3.0,UPI,1820.34,1.0,1820.34,2023-12,2023,46-55
101764,1142,Female,33,Delhi,Fashion,Sneakers,1,420.36,30,2023-12-02,50.39,9,5.0,Credit Card,420.36,1.0,294.25,2023-12,2023,26-35
100472,1217,Female,47,Mumbai,Books,Novel,1,405.12,0,2024-12-12,69.6,6,4.0,Cash On Delivery,405.12,1.0,405.12,2024-12,2024,46-55
100279,1232,Female,39,Kolkata,Home & Kitchen,Vacuum Cleaner,2,2442.09,30,2023-04-05,96.08,3,4.0,UPI,2442.09,2.0,3418.93,2023-04,2023,36-45
101927,1020,Male,40,Patna,Electronics,Headphones,2,18200.26,0,2024-10-28,71.53,6,3.0,UPI,6707.506249999999,2.0,36400.52,2024-10,2024,36-45
100300,1048,Male,38,Delhi,Books,Biography,2,447.17,15,2023-05-27,87.43,7,4.0,Cash On Delivery,447.17,2.0,760.19,2023-05,2023,36-45
100962,1304,Male,28,Patna,Electronics,Smartwatch,1,18829.49,0,2023-09-06,11.29,4,3.0,Net Banking,6707.506249999999,1.0,18829.49,2023-09,2023,26-35
101040,1047,Male,16,Kolkata,Beauty,Face Cream,2,737.03,0,2023-06-18,89.03,7,4.0,Net Banking,737.03,2.0,1474.06,2023-06,2023,<=25
101946,1087,Female,35,Kolkata,Fashion,T-Shirt,2,2305.63,30,2023-10-09,139.58,6,4.0,Net Banking,2305.63,2.0,3227.88,2023-10,2023,26-35
101418,1075,Female,16,Delhi,Beauty,Shampoo,1,1516.38,25,2024-11-19,44.09,6,4.0,Net Banking,1516.38,1.0,1137.29,2024-11,2024,<=25
101028,1339,Male,25,Mumbai,Home & Kitchen,Bedsheet,1,1386.6,25,2024-01-18,146.6,2,3.0,Net Banking,1386.6,1.0,1039.95,2024-01,2024,<=25
100416,1183,Female,17,Hyderabad,Books,Comic,1,216.93,30,2023-04-22,109.98,2,4.0,Cash On Delivery,216.93,1.0,151.85,2023-04,2023,<=25
101936,1433,Female,18,Pune,Electronics,Smartphone,1,15188.79,25,2024-02-26,107.74,4,5.0,Debit Card,6707.506249999999,1.0,11391.59,2024-02,2024,<=25
100186,1051,Male,19,Ahmedabad,Electronics,Tablet,1,18458.69,0,2024-06-13,86.37,4,2.0,Cash On Delivery,6707.506249999999,1.0,18458.69,2024-06,2024,<=25
100611,1329,Female,22,Patna,Home & Kitchen,Bedsheet,1,3927.52,5,2023-03-06,108.79,2,4.0,UPI,3927.52,1.0,3731.14,2023-03,2023,<=25
101284,1429,Male,45,Pune,Beauty,Perfume,1,715.66,0,2023-12-09,130.85,2,4.0,UPI,715.66,1.0,715.66,2023-12,2023,36-45
100780,1462,Male,49,Hyderabad,Beauty,Perfume,1,860.05,0,2023-04-05,114.02,6,4.0,Debit Card,860.05,1.0,860.05,2023-04,2023,46-55
100803,1132,Female,36,Chennai,Fashion,Jacket,2,2233.25,0,2023-05-25,27.59,3,4.0,Debit Card,2233.25,2.0,4466.5,2023-05,2023,36-45
100285,1403,Male,21,Mumbai,Electronics,Smartphone,3,12257.33,5,2024-07-20,43.79,5,5.0,Cash On Delivery,6707.506249999999,3.0,34933.39,2024-07,2024,<=25
101230,1439,Male,37,Pune,Beauty,Lipstick,2,736.93,25,2024-09-18,79.34,2,1.0,Credit Card,736.93,2.0,1105.4,2024-09,2024,36-45
100003,1033,Female,29,Jaipur,Sports,Yoga Mat,1,2372.62,0,2024-06-26,165.67,4,4.0,Net Banking,2372.62,1.0,2372.62,2024-06,2024,26-35
101481,1459,Female,38,Hyderabad,Beauty,Shampoo,1,383.07,10,2024-06-03,174.1,6,4.0,Credit Card,383.07,1.0,344.76,2024-06,2024,36-45
100834,1464,Female,39,Delhi,Sports,Running Shoes,1,3492.12,5,2023-06-10,101.01,3,3.0,Net Banking,3492.12,1.0,3317.51,2023-06,2023,36-45
101988,1233,Female,31,Kolkata,Fashion,Jeans,1,1248.87,20,2023-11-11,120.89,4,5.0,Credit Card,1248.87,1.0,999.1,2023-11,2023,26-35
100376,1319,Female,34,Bangalore,Electronics,Smartwatch,1,3369.78,10,2023-10-19,136.64,2,5.0,UPI,3369.78,1.0,3032.8,2023-10,2023,26-35
100398,1452,Female,35,Chennai,Home & Kitchen,Vacuum Cleaner,1,3272.59,0,2024-06-05,93.05,5,5.0,Net Banking,3272.59,1.0,3272.59,2024-06,2024,26-35
100420,1096,Male,16,Bangalore,Fashion,Handbag,1,1796.47,0,2024-04-29,129.71,5,2.0,UPI,1796.47,1.0,1796.47,2024-04,2024,<=25
100978,1305,Male,50,Patna,Electronics,Smartwatch,2,10574.46,20,2023-11-03,9.26,5,3.0,Net Banking,6707.506249999999,2.0,16919.14,2023-11,2023,46-55
101152,1261,Male,18,Mumbai,Beauty,Lipstick,2,990.22,10,2024-02-12,110.99,5,4.0,Credit Card,990.22,2.0,1782.4,2024-02,2024,<=25
100342,1178,Female,20,Chennai,Beauty,Face Cream,1,550.37,0,2024-05-16,70.71,4,4.0,Debit Card,550.37,1.0,550.37,2024-05,2024,<=25
100387,1064,Male,39,Hyderabad,Books,Novel,1,348.54,30,2024-10-20,112.88,6,4.0,Net Banking,348.54,1.0,243.98,2024-10,2024,36-45
101834,1052,Female,40,Hyderabad,Books,Biography,1,309.68,20,2024-09-22,157.58,7,5.0,Cash On Delivery,309.68,1.0,247.74,2024-09,2024,36-45
100218,1436,Female,53,Patna,Books,Comic,1,350.68,10,2023-09-12,124.78,4,2.0,Credit Card,350.68,1.0,315.61,2023-09,2023,46-55
101846,1426,Female,19,Delhi,Sports,Dumbbells,2,1765.37,15,2024-11-13,103.19,6,4.0,Cash On Delivery,1765.37,2.0,3001.13,2024-11,2024,<=25
100109,1191,Female,30,Ahmedabad,Beauty,Face Cream,1,478.22,5,2023-07-30,79.39500000000001,1,4.0,UPI,478.22,1.0,454.31,2023-07,2023,26-35
101258,1241,Male,53,Ahmedabad,Books,Comic,1,385.03,15,2024-01-14,35.96,6,4.0,Debit Card,385.03,1.0,327.28,2024-01,2024,46-55
100035,1087,Female,37,Chennai,Beauty,Lipstick,5,803.2,15,2024-09-09,102.16,9,4.0,Cash On Delivery,803.2,3.5,3413.6,2024-09,2024,36-45
100876,1122,Male,19,Kolkata,Home & Kitchen,Mixer Grinder,4,5702.72,5,2024-01-01,78.29,5,5.0,Debit Card,5702.72,3.5,21670.34,2024-01,2024,<=25
101574,1179,Female,49,Bangalore,Sports,Dumbbells,4,1892.15,0,2024-02-16,40.89,8,4.0,Debit Card,1892.15,3.5,7568.6,2024-02,2024,46-55
101892,1174,Female,35,Kolkata,Electronics,Smartwatch,1,5527.03,5,2023-06-30,148.37,7,4.0,Net Banking,5527.03,1.0,5250.68,2023-06,2023,26-35
101899,1387,Female,21,Bangalore,Beauty,Hair Dryer,1,605.34,10,2024-10-12,102.07,4,3.0,Debit Card,605.34,1.0,544.81,2024-10,2024,<=25
101421,1175,Male,44,Patna,Electronics,Headphones,1,15794.12,5,2024-02-12,143.97,6,3.0,Debit Card,6707.506249999999,1.0,15004.41,2024-02,2024,36-45
100729,1014,Female,25,Kolkata,Home & Kitchen,Bedsheet,1,2391.1,0,2024-08-11,33.84,2,3.0,Debit Card,2391.1,1.0,2391.1,2024-08,2024,<=25
100238,1496,Female,35,Delhi,Beauty,Shampoo,1,906.76,10,2024-03-25,134.89,3,5.0,Debit Card,906.76,1.0,816.08,2024-03,2024,26-35
101174,1478,Female,43,Kolkata,Fashion,Sneakers,1,1530.42,10,2024-11-26,162.71,5,3.0,Net Banking,1530.42,1.0,1377.38,2024-11,2024,36-45
100659,1320,Male,42,Hyderabad,Home & Kitchen,Lamp,1,1271.93,25,2024-11-07,64.34,3,2.0,UPI,1271.93,1.0,953.95,2024-11,2024,36-45
101038,1137,Male,31,Chennai,Sports,Cricket Bat,1,1302.88,25,2023-06-15,24.99,5,5.0,Debit Card,1302.88,1.0,977.16,2023-06,2023,26-35
101406,1042,Female,19,Ahmedabad,Beauty,Perfume,2,818.76,10,2024-04-17,56.72,9,4.0,Credit Card,818.76,2.0,1473.77,2024-04,2024,<=25
100650,1307,Female,49,Mumbai,Sports,Football,1,2537.14,30,2024-10-01,87.88,4,1.0,Net Banking,2537.14,1.0,1776.0,2024-10,2024,46-55
100331,1123,Male,42,Hyderabad,Home & Kitchen,Cookware Set,1,3082.37,10,2024-10-06,39.05,5,4.0,Debit Card,3082.37,1.0,2774.13,2024-10,2024,36-45
101650,1155,Male,42,Bangalore,Electronics,Smartphone,1,21594.11,0,2024-04-13,135.23,4,4.0,UPI,6707.506249999999,1.0,21594.11,2024-04,2024,36-45
100893,1077,Female,36,Chennai,Sports,Running Shoes,2,1634.24,15,2024-12-02,118.13,6,3.0,Net Banking,1634.24,2.0,2778.21,2024-12,2024,36-45
100393,1221,Male,52,Ahmedabad,Sports,Football,3,1696.6,15,2024-09-18,119.24,1,5.0,Cash On Delivery,1696.6,3.0,4326.33,2024-09,2024,46-55
101043,1452,Female,41,Mumbai,Sports,Dumbbells,2,859.5,10,2023-08-06,55.17,7,3.0,Cash On Delivery,859.5,2.0,1547.1,2023-08,2023,36-45
101959,1216,Female,40,Chennai,Sports,Dumbbells,1,2622.78,0,2023-07-27,102.44,6,4.0,Cash On Delivery,2622.78,1.0,2622.78,2023-07,2023,36-45
101050,1298,Female,17,Hyderabad,Sports,Yoga Mat,1,1197.07,20,2023-10-06,53.65,3,5.0,Net Banking,1197.07,1.0,957.66,2023-10,2023,<=25
100539,1039,Female,41,Mumbai,Books,Textbook,2,753.97,5,2023-09-12,88.35,5,4.0,Net Banking,753.97,2.0,1432.54,2023-09,2023,36-45
100811,1041,Female,28,Delhi,Fashion,Jacket,1,1267.64,15,2024-11-19,12.82,1,3.0,Cash On Delivery,1267.64,1.0,1077.49,2024-11,2024,26-35
100756,1272,Male,30,Patna,Home & Kitchen,Bedsheet,1,2244.48,15,2024-01-31,30.49,3,4.0,UPI,2244.48,1.0,1907.81,2024-01,2024,26-35
101042,1167,Female,55,Kolkata,Sports,Football,1,2231.71,5,2023-07-07,74.84,3,4.0,Net Banking,2231.71,1.0,2120.12,2023-07,2023,46-55
101381,1330,Male,46,Hyderabad,Sports,Running Shoes,2,168.28,10,2024-07-27,87.49,2,2.0,UPI,168.28,2.0,302.9,2024-07,2024,46-55
101992,1138,Male,41,Ahmedabad,Fashion,Sneakers,1,2003.61,0,2023-06-10,88.75,3,4.0,Cash On Delivery,2003.61,1.0,2003.61,2023-06,2023,36-45
100301,1289,Female,30,Bangalore,Sports,Yoga Mat,1,1546.78,5,2023-09-01,84.3,2,4.0,UPI,1546.78,1.0,1469.44,2023-09,2023,26-35
101232,1438,Male,27,Mumbai,Home & Kitchen,Cookware Set,1,1894.38,5,2024-03-12,143.45,8,4.0,Credit Card,1894.38,1.0,1799.66,2024-03,2024,26-35
101224,1052,Male,26,Delhi,Home & Kitchen,Cookware Set,2,2444.8,10,2023-03-17,74.66,7,4.0,Credit Card,2444.8,2.0,4400.64,2023-03,2023,26-35
100607,1420,Male,27,Patna,Electronics,Smartphone,1,18297.78,0,2023-07-02,79.7,1,5.0,Debit Card,6707.506249999999,1.0,18297.78,2023-07,2023,26-35
100830,1240,Female,35,Pune,Home & Kitchen,Lamp,1,888.05,10,2024-04-09,0.0,5,4.0,Debit Card,888.05,1.0,799.24,2024-04,2024,26-35
101367,1197,Male,35,Jaipur,Beauty,Face Cream,2,1419.33,0,2024-02-13,70.71,5,1.0,UPI,1419.33,2.0,2838.66,2024-02,2024,26-35
100946,1373,Female,49,Mumbai,Fashion,T-Shirt,1,1892.83,5,2024-10-03,77.95,7,5.0,Net Banking,1892.83,1.0,1798.19,2024-10,2024,46-55
101279,1386,Female,33,Pune,Books,Textbook,1,345.99,10,2024-09-09,58.56,8,2.0,UPI,345.99,1.0,311.39,2024-09,2024,26-35
101049,1296,Female,47,Bangalore,Beauty,Lipstick,2,983.34,5,2023-11-15,1.18,3,5.0,Debit Card,983.34,2.0,1868.35,2023-11,2023,46-55
100427,1355,Male,58,Ahmedabad,Sports,Cricket Bat,3,1533.79,5,2024-04-10,39.89,10,5.0,Debit Card,1533.79,3.0,4371.3,2024-04,2024,56+
100684,1107,Male,20,Patna,Beauty,Hair Dryer,1,591.36,5,2023-04-14,0.0,6,5.0,Net Banking,591.36,1.0,561.79,2023-04,2023,<=25
101197,1226,Male,29,Hyderabad,Fashion,Jeans,1,1781.89,5,2024-05-02,72.84,4,4.0,Credit Card,1781.89,1.0,1692.8,2024-05,2024,26-35
101904,1119,Female,45,Hyderabad,Sports,Cricket Bat,1,2440.34,20,2023-06-27,71.17,4,4.0,Credit Card,2440.34,1.0,1952.27,2023-06,2023,36-45
100260,1461,Male,30,Mumbai,Electronics,Headphones,1,12197.57,0,2023-05-23,111.19,6,4.0,Credit Card,6707.506249999999,1.0,12197.57,2023-05,2023,26-35
100341,1330,Female,66,Ahmedabad,Home & Kitchen,Lamp,2,3754.27,30,2024-04-27,131.31,3,3.0,Credit Card,3754.27,2.0,5255.98,2024-04,2024,56+
100926,1123,Male,28,Kolkata,Beauty,Hair Dryer,1,649.01,0,2024-09-03,100.64,5,3.0,Debit Card,649.01,1.0,649.01,2024-09,2024,26-35
101910,1293,Female,37,Ahmedabad,Home & Kitchen,Lamp,1,2201.15,5,2023-11-15,25.41,7,4.0,Net Banking,2201.15,1.0,2091.09,2023-11,2023,36-45
100624,1404,Male,18,Jaipur,Fashion,Jacket,2,1091.46,15,2024-08-15,101.0,5,3.0,Cash On Delivery,1091.46,2.0,1855.48,2024-08,2024,<=25
101437,1039,Female,33,Ahmedabad,Home & Kitchen,Mixer Grinder,1,2880.89,0,2024-09-25,54.89,4,5.0,Cash On Delivery,2880.89,1.0,2880.89,2024-09,2024,26-35
101247,1397,Female,41,Jaipur,Books,Cookbook,5,352.76,25,2024-05-10,111.12,5,5.0,Debit Card,352.76,3.5,1322.85,2024-05,2024,36-45
100641,1142,Male,32,Patna,Books,Cookbook,1,395.77,0,2024-08-05,49.72,5,4.0,Debit Card,395.77,1.0,395.77,2024-08,2024,26-35
100141,1450,Female,26,Bangalore,Home & Kitchen,Bedsheet,2,2669.07,30,2023-12-11,70.63,4,5.0,Net Banking,2669.07,2.0,3736.7,2023-12,2023,26-35
100596,1040,Male,53,Patna,Books,Cookbook,2,428.79,0,2024-03-20,136.78,6,1.0,Cash On Delivery,428.79,2.0,857.58,2024-03,2024,46-55
100038,1340,Male,26,Ahmedabad,Home & Kitchen,Mixer Grinder,1,3206.61,25,2023-07-30,69.37,4,2.0,Net Banking,3206.61,1.0,2404.96,2023-07,2023,26-35
100880,1229,Female,28,Patna,Sports,Running Shoes,1,2324.21,25,2023-10-30,76.84,3,5.0,Cash On Delivery,2324.21,1.0,1743.16,2023-10,2023,26-35
101511,1317,Male,17,Hyderabad,Books,Novel,1,481.45,10,2024-02-03,69.18,7,5.0,Credit Card,481.45,1.0,433.3,2024-02,2024,<=25
101699,1474,Male,28,Kolkata,Home & Kitchen,Bedsheet,3,3933.66,30,2023-04-09,60.67,7,4.0,Credit Card,3933.66,3.0,8260.69,2023-04,2023,26-35
100515,1292,Female,25,Jaipur,Home & Kitchen,Vacuum Cleaner,1,4408.17,20,2024-04-30,114.58,4,5.0,UPI,4408.17,1.0,3526.54,2024-04,2024,<=25
101632,1080,Male,36,Pune,Books,Textbook,1,336.91,0,2024-12-30,136.92,7,4.0,Net Banking,336.91,1.0,336.91,2024-12,2024,36-45
100059,1221,Female,27,Delhi,Beauty,Face Cream,3,650.63,15,2023-07-05,0.0,8,5.0,Debit Card,650.63,3.0,1659.11,2023-07,2023,26-35
101009,1104,Female,38,Jaipur,Books,Novel,2,261.92,0,2023-08-22,63.49,5,3.0,Debit Card,261.92,2.0,523.84,2023-08,2023,36-45
101795,1227,Female,47,Jaipur,Books,Comic,1,641.0,10,2024-05-02,63.75,8,5.0,Debit Card,641.0,1.0,576.9,2024-05,2024,46-55
100205,1015,Female,33,Mumbai,Electronics,Smartwatch,1,7200.8,15,2023-11-22,48.24,2,1.0,Net Banking,6707.506249999999,1.0,6120.68,2023-11,2023,26-35
101737,1285,Male,26,Patna,Electronics,Tablet,1,18969.84,0,2023-11-25,25.16,9,3.0,Credit Card,6707.506249999999,1.0,18969.84,2023-11,2023,26-35
101153,1199,Female,33,Mumbai,Fashion,Jacket,1,1233.23,0,2024-10-05,92.52,2,5.0,Debit Card,1233.23,1.0,1233.23,2024-10,2024,26-35
101562,1452,Female,35,Jaipur,Fashion,Jacket,1,2094.57,30,2024-12-05,24.24,1,2.0,Credit Card,2094.57,1.0,1466.2,2024-12,2024,26-35
100263,1296,Female,27,Delhi,Beauty,Shampoo,1,641.04,15,2023-03-28,73.79,7,5.0,UPI,641.04,1.0,544.88,2023-03,2023,26-35
100638,1071,Male,46,Delhi,Books,Textbook,1,347.57,15,2023-03-09,45.99,5,5.0,Net Banking,347.57,1.0,295.43,2023-03,2023,46-55
101181,1203,Male,35,Kolkata,Electronics,Headphones,1,20843.25,0,2024-07-11,65.4,1,5.0,Cash On Delivery,6707.506249999999,1.0,20843.25,2024-07,2024,26-35
101204,1070,Male,20,Kolkata,Fashion,T-Shirt,1,2102.48,0,2024-09-06,63.38,6,5.0,Credit Card,2102.48,1.0,2102.48,2024-09,2024,<=25
100489,1448,Female,23,Bangalore,Beauty,Face Cream,1,1059.63,0,2023-04-03,93.56,9,4.0,Cash On Delivery,1059.63,1.0,1059.63,2023-04,2023,<=25
101548,1001,Female,28,Chennai,Home & Kitchen,Vacuum Cleaner,2,432.79,15,2023-04-18,122.88,2,5.0,UPI,432.79,2.0,735.74,2023-04,2023,26-35
100008,1252,Female,31,Pune,Home & Kitchen,Vacuum Cleaner,1,2304.98,0,2024-07-17,99.48,4,4.0,Net Banking,2304.98,1.0,2304.98,2024-07,2024,26-35
101426,1406,Female,39,Ahmedabad,Home & Kitchen,Mixer Grinder,90,2202.81,15,2024-06-18,139.93,3,5.0,Debit Card,2202.81,3.5,168514.96,2024-06,2024,36-45
100721,1226,Other,33,Jaipur,Sports,Dumbbells,4,2820.07,15,2023-12-15,104.92,3,2.0,Cash On Delivery,2820.07,3.5,9588.24,2023-12,2023,26-35
101512,1234,Female,35,Hyderabad,Fashion,Sneakers,2,1677.49,25,2023-10-28,114.52,6,5.0,Net Banking,1677.49,2.0,2516.24,2023-10,2023,26-35
101830,1147,Male,22,Hyderabad,Sports,Yoga Mat,1,1978.09,25,2023-10-15,90.53,3,5.0,Cash On Delivery,1978.09,1.0,1483.57,2023-10,2023,<=25
100021,1156,Male,26,Jaipur,Home & Kitchen,Mixer Grinder,1,3254.62,0,2024-06-12,79.39500000000001,10,4.0,Credit Card,3254.62,1.0,3254.62,2024-06,2024,26-35
101377,1283,Male,32,Bangalore,Home & Kitchen,Cookware Set,1,4521.41,0,2024-12-14,80.61,6,5.0,Debit Card,4521.41,1.0,4521.41,2024-12,2024,26-35
100432,1326,Female,50,Jaipur,Home & Kitchen,Vacuum Cleaner,1,4945.51,15,2023-09-13,62.15,6,1.0,Credit Card,4945.51,1.0,4203.68,2023-09,2023,46-55
101578,1118,Female,30,Delhi,Fashion,Handbag,1,1275.65,0,2024-09-06,48.54,2,4.0,UPI,1275.65,1.0,1275.65,2024-09,2024,26-35
100717,1021,Female,26,Bangalore,Sports,Dumbbells,1,2911.96,10,2023-04-09,92.46,4,3.0,Debit Card,2911.96,1.0,2620.76,2023-04,2023,26-35
100833,1361,Other,16,Mumbai,Electronics,Laptop,1,9596.74,20,2024-10-22,72.02,4,4.0,Cash On Delivery,6707.506249999999,1.0,7677.39,2024-10,2024,<=25
101829,1009,Female,24,Delhi,Sports,Yoga Mat,1,2140.56,20,2024-07-12,97.98,6,5.0,Net Banking,2140.56,1.0,1712.45,2024-07,2024,<=25
101428,1478,Female,26,Mumbai,Beauty,Shampoo,3,1214.31,15,2023-02-01,147.47,4,5.0,Credit Card,1214.31,3.0,3096.49,2023-02,2023,26-35
101095,1320,Female,26,Ahmedabad,Home & Kitchen,Cookware Set,2,2286.5,10,2024-06-14,80.34,6,5.0,UPI,2286.5,2.0,4115.7,2024-06,2024,26-35
100541,1306,Female,52,Patna,Beauty,Face Cream,4,789.72,10,2024-04-16,21.81,3,5.0,Credit Card,789.72,3.5,2842.99,2024-04,2024,46-55
100789,1295,Female,32,Patna,Electronics,Laptop,1,18393.12,20,2024-07-27,84.01,3,3.0,Net Banking,6707.506249999999,1.0,14714.5,2024-07,2024,26-35
101006,1209,Male,26,Hyderabad,Fashion,T-Shirt,1,1299.9,0,2023-09-08,80.35,7,1.0,Debit Card,1299.9,1.0,1299.9,2023-09,2023,26-35
100673,1133,Female,35,Kolkata,Fashion,Sneakers,2,966.2,0,2023-09-17,50.39,7,1.0,Net Banking,966.2,2.0,1932.4,2023-09,2023,26-35
100572,1373,Male,25,Chennai,Fashion,Sneakers,2,131.13,5,2023-07-13,2.35,4,5.0,UPI,131.13,2.0,249.15,2023-07,2023,<=25
101605,1132,Male,32,Patna,Home & Kitchen,Bedsheet,1,3301.57,15,2023-10-04,102.77,2,4.0,Credit Card,3301.57,1.0,2806.33,2023-10,2023,26-35
101969,1085,Male,30,Kolkata,Beauty,Shampoo,1,856.8,10,2024-01-16,127.26,8,5.0,UPI,856.8,1.0,771.12,2024-01,2024,26-35
100928,1415,Female,16,Jaipur,Sports,Cricket Bat,1,712.98,0,2023-08-31,72.36,2,2.0,Cash On Delivery,712.98,1.0,712.98,2023-08,2023,<=25
101921,1348,Male,27,Delhi,Beauty,Hair Dryer,1,352.41,20,2023-05-09,41.67,3,5.0,Debit Card,352.41,1.0,281.93,2023-05,2023,26-35
101039,1300,Male,16,Mumbai,Books,Biography,1,227.37,5,2023-12-29,126.09,6,4.0,Cash On Delivery,227.37,1.0,216.0,2023-12,2023,<=25
100597,1249,Male,35,Pune,Electronics,Smartphone,1,23515.1,10,2023-05-13,112.02,5,5.0,Cash On Delivery,6707.506249999999,1.0,21163.59,2023-05,2023,26-35
101981,1285,Male,32,Jaipur,Home & Kitchen,Bedsheet,1,2460.83,0,2023-04-01,62.93,5,3.0,UPI,2460.83,1.0,2460.83,2023-04,2023,26-35
101671,1083,Female,43,Delhi,Sports,Yoga Mat,2,2358.28,15,2023-01-20,79.39500000000001,8,5.0,Debit Card,2358.28,2.0,4009.08,2023-01,2023,36-45
100695,1196,Female,26,Bangalore,Sports,Running Shoes,1,2679.04,0,2023-02-01,118.42,4,4.0,UPI,2679.04,1.0,2679.04,2023-02,2023,26-35
101387,1142,Other,40,Patna,Fashion,Jeans,1,2472.51,5,2023-06-21,99.01,2,4.0,Cash On Delivery,2472.51,1.0,2348.88,2023-06,2023,36-45
101711,1345,Female,42,Mumbai,Home & Kitchen,Bedsheet,1,1629.1,0,2023-07-13,177.32,6,4.0,Cash On Delivery,1629.1,1.0,1629.1,2023-07,2023,36-45
100173,1063,Male,43,Delhi,Home & Kitchen,Bedsheet,1,3247.35,15,2023-04-13,32.23,2,4.0,Net Banking,3247.35,1.0,2760.25,2023-04,2023,36-45
100595,1282,Other,16,Delhi,Fashion,Sneakers,1,1474.28,10,2023-08-13,129.69,4,2.0,Cash On Delivery,1474.28,1.0,1326.85,2023-08,2023,<=25
101960,1478,Female,33,Chennai,Home & Kitchen,Mixer Grinder,1,4861.6,0,2024-03-31,89.63,4,4.0,Credit Card,4861.6,1.0,4861.6,2024-03,2024,26-35
101773,1185,Male,36,Mumbai,Books,Biography,1,454.64,5,2023-12-21,79.39500000000001,2,1.0,Cash On Delivery,454.64,1.0,431.91,2023-12,2023,36-45
100052,1306,Male,43,Delhi,Books,Cookbook,1,453.91,20,2024-05-18,76.52,4,4.0,Cash On Delivery,453.91,1.0,363.13,2024-05,2024,36-45
100037,1369,Male,16,Pune,Electronics,Tablet,2,12523.18,0,2024-04-30,53.51,5,4.0,Cash On Delivery,6707.506249999999,2.0,25046.36,2024-04,2024,<=25
101826,1035,Male,26,Chennai,Books,Biography,1,591.58,0,2024-04-17,149.42,5,4.0,Credit Card,591.58,1.0,591.58,2024-04,2024,26-35
101294,1498,Male,22,Patna,Sports,Dumbbells,1,2355.57,5,2024-10-30,83.93,4,5.0,Debit Card,2355.57,1.0,2237.79,2024-10,2024,<=25
101151,1491,Male,21,Patna,Fashion,Handbag,1,1478.3,0,2023-12-30,91.84,10,3.0,Cash On Delivery,1478.3,1.0,1478.3,2023-12,2023,<=25
100956,1320,Female,23,Mumbai,Fashion,Handbag,1,2429.55,20,2023-02-18,11.15,3,2.0,UPI,2429.55,1.0,1943.64,2023-02,2023,<=25
100448,1336,Male,37,Pune,Electronics,Headphones,1,6935.55,0,2023-01-09,116.09,6,4.0,Debit Card,6707.506249999999,1.0,6935.55,2023-01,2023,36-45
101666,1014,Female,16,Chennai,Beauty,Shampoo,1,498.14,15,2024-12-19,155.7,2,3.0,Net Banking,498.14,1.0,423.42,2024-12,2024,<=25
101139,1412,Female,39,Mumbai,Sports,Cricket Bat,5,2176.13,15,2024-07-23,87.46,6,5.0,Net Banking,2176.13,3.5,9248.55,2024-07,2024,36-45
101976,1227,Female,32,Mumbai,Books,Novel,1,428.27,10,2024-03-18,75.81,3,4.0,Cash On Delivery,428.27,1.0,385.44,2024-03,2024,26-35
100747,1330,Male,18,Pune,Home & Kitchen,Mixer Grinder,2,5246.67,5,2024-04-27,104.69,9,5.0,Debit Card,5246.67,2.0,9968.67,2024-04,2024,<=25
101331,1376,Male,23,Patna,Books,Comic,1,264.9,5,2024-04-23,31.46,5,3.0,Cash On Delivery,264.9,1.0,251.65,2024-04,2024,<=25
100361,1334,Male,16,Delhi,Electronics,Smartphone,1,9536.85,25,2023-10-29,60.97,2,4.0,Debit Card,6707.506249999999,1.0,7152.64,2023-10,2023,<=25
100984,1464,Male,35,Mumbai,Home & Kitchen,Bedsheet,1,562.98,15,2024-03-20,113.24,7,5.0,Credit Card,562.98,1.0,478.53,2024-03,2024,26-35
101348,1040,Male,30,Chennai,Electronics,Laptop,3,16467.19,15,2024-07-28,59.97,3,1.0,Credit Card,6707.506249999999,3.0,41991.33,2024-07,2024,26-35
101667,1419,Male,38,Chennai,Beauty,Hair Dryer,3,760.08,5,2023-02-27,144.58,4,5.0,Net Banking,760.08,3.0,2166.23,2023-02,2023,36-45
100883,1093,Male,29,Mumbai,Sports,Football,1,2412.0,10,2023-09-28,0.0,5,4.0,Net Banking,2412.0,1.0,2170.8,2023-09,2023,26-35
100456,1404,Male,52,Ahmedabad,Sports,Dumbbells,1,2478.54,0,2024-01-29,64.57,3,4.0,Cash On Delivery,2478.54,1.0,2478.54,2024-01,2024,46-55
100147,1104,Female,41,Bangalore,Sports,Yoga Mat,2,1916.44,5,2023-06-22,40.6,4,4.0,Credit Card,1916.44,2.0,3641.24,2023-06,2023,36-45
100312,1018,Female,35,Hyderabad,Electronics,Smartphone,2,18282.36,25,2023-05-26,89.03,5,4.0,Cash On Delivery,6707.506249999999,2.0,27423.54,2023-05,2023,26-35
100464,1486,Male,29,Chennai,Books,Cookbook,1,328.54,10,2024-02-14,123.74,4,5.0,Debit Card,328.54,1.0,295.69,2024-02,2024,26-35
100439,1306,Male,33,Delhi,Electronics,Tablet,2,14013.0,15,2024-10-26,37.97,1,4.0,Credit Card,6707.506249999999,2.0,23822.1,2024-10,2024,26-35
101680,1214,Female,38,Pune,Electronics,Tablet,2,12209.48,20,2023-02-11,52.07,4,2.0,UPI,6707.506249999999,2.0,19535.17,2023-02,2023,36-45
100726,1022,Male,46,Kolkata,Beauty,Face Cream,2,910.73,10,2023-11-05,129.81,9,5.0,Cash On Delivery,910.73,2.0,1639.31,2023-11,2023,46-55
100870,1007,Female,39,Patna,Books,Textbook,84,187.43,5,2023-08-30,71.63,6,3.0,Net Banking,187.43,3.5,14956.91,2023-08,2023,36-45
101885,1251,Male,25,Chennai,Beauty,Perfume,2,888.6,25,2024-05-19,99.42,4,5.0,Debit Card,888.6,2.0,1332.9,2024-05,2024,<=25
100397,1024,Male,50,Patna,Home & Kitchen,Lamp,2,3473.64,20,2024-07-22,72.47,4,4.0,Net Banking,3473.64,2.0,5557.82,2024-07,2024,46-55
100739,1420,Female,33,Bangalore,Fashion,T-Shirt,3,1573.41,5,2024-05-02,23.63,3,5.0,UPI,1573.41,3.0,4484.22,2024-05,2024,26-35
100958,1296,Male,35,Bangalore,Electronics,Smartphone,1,23361.75,5,2023-05-13,25.18,3,4.0,Net Banking,6707.506249999999,1.0,22193.66,2023-05,2023,26-35
100675,1188,Female,35,Patna,Home & Kitchen,Cookware Set,3,2763.83,10,2023-07-11,55.37,5,3.0,Cash On Delivery,2763.83,3.0,7462.34,2023-07,2023,26-35
101939,1350,Male,39,Chennai,Fashion,Jacket,1,1406.71,0,2024-01-06,82.52,5,5.0,Debit Card,1406.71,1.0,1406.71,2024-01,2024,36-45
100526,1167,Male,24,Patna,Fashion,Handbag,1,589.69,5,2023-12-29,44.16,8,4.0,Credit Card,589.69,1.0,560.21,2023-12,2023,<=25
101337,1097,Male,36,Delhi,Electronics,Tablet,1,16294.67,0,2023-12-19,81.85,4,4.0,UPI,6707.506249999999,1.0,16294.67,2023-12,2023,36-45
101786,1367,Female,32,Delhi,Beauty,Shampoo,1,1478.7,5,2024-05-16,84.7,6,5.0,Cash On Delivery,1478.7,1.0,1404.76,2024-05,2024,26-35
101556,1378,Male,31,Patna,Fashion,Jeans,1,2252.08,25,2023-01-05,15.72,6,4.0,Cash On Delivery,2252.08,1.0,1689.06,2023-01,2023,26-35
100453,1377,Male,35,Mumbai,Sports,Cricket Bat,1,2878.61,25,2023-09-29,82.82,5,4.0,Cash On Delivery,2878.61,1.0,2158.96,2023-09,2023,26-35
100591,1077,Female,35,Jaipur,Electronics,Tablet,1,10302.54,15,2024-11-21,162.98,7,5.0,Debit Card,6707.506249999999,1.0,8757.16,2024-11,2024,26-35
101068,1466,Male,35,Bangalore,Books,Cookbook,1,578.75,5,2024-03-17,66.12,6,4.0,Cash On Delivery,578.75,1.0,549.81,2024-03,2024,26-35
101150,1330,Female,19,Patna,Sports,Football,1,2110.54,0,2024-04-02,47.54,4,5.0,UPI,2110.54,1.0,2110.54,2024-04,2024,<=25
100741,1423,Female,32,Bangalore,Books,Cookbook,1,456.68,15,2023-07-30,46.01,7,5.0,Cash On Delivery,456.68,1.0,388.18,2023-07,2023,26-35
101606,1366,Female,54,Ahmedabad,Beauty,Lipstick,1,281.79,15,2023-07-03,99.0,2,5.0,Debit Card,281.79,1.0,239.52,2023-07,2023,46-55
101871,1082,Male,47,Mumbai,Books,Textbook,5,483.68,0,2023-06-24,119.82,6,5.0,Net Banking,483.68,3.5,2418.4,2023-06,2023,46-55
100142,1179,Male,32,Kolkata,Beauty,Lipstick,1,972.84,10,2024-07-11,33.41,9,4.0,UPI,972.84,1.0,875.56,2024-07,2024,26-35
100362,1398,Male,27,Mumbai,Fashion,Jeans,3,1707.47,0,2023-11-07,106.63,5,4.0,UPI,1707.47,3.0,5122.41,2023-11,2023,26-35
100836,1291,Female,49,Pune,Fashion,Jeans,3,1230.91,5,2024-03-17,217.44,5,5.0,UPI,1230.91,3.0,3508.09,2024-03,2024,46-55
101881,1409,Male,38,Delhi,Beauty,Face Cream,2,1109.56,0,2024-10-22,125.34,6,1.0,Credit Card,1109.56,2.0,2219.12,2024-10,2024,36-45
101917,1348,Other,27,Delhi,Books,Cookbook,1,406.28,0,2023-07-12,169.69,4,5.0,Credit Card,406.28,1.0,406.28,2023-07,2023,26-35
101386,1010,Female,42,Hyderabad,Sports,Cricket Bat,1,1606.39,25,2023-12-29,40.41,3,5.0,Credit Card,1606.39,1.0,1204.79,2023-12,2023,36-45
101873,1102,Female,23,Delhi,Electronics,Laptop,3,20032.52,20,2023-02-27,35.97,4,4.0,Cash On Delivery,6707.506249999999,3.0,48078.05,2023-02,2023,<=25
100368,1499,Male,31,Mumbai,Home & Kitchen,Lamp,1,1563.86,10,2023-05-03,97.6,7,4.0,Debit Card,1563.86,1.0,1407.47,2023-05,2023,26-35
101994,1497,Female,38,Mumbai,Fashion,T-Shirt,2,1368.47,10,2023-10-07,79.39500000000001,2,5.0,Net Banking,1368.47,2.0,2463.25,2023-10,2023,36-45
101188,1239,Male,39,Ahmedabad,Sports,Dumbbells,1,2504.99,5,2023-03-07,49.6,2,4.0,Net Banking,2504.99,1.0,2379.74,2023-03,2023,36-45
100831,1140,Male,16,Bangalore,Home & Kitchen,Mixer Grinder,1,1848.08,5,2023-01-20,137.03,5,4.0,Credit Card,1848.08,1.0,1755.68,2023-01,2023,<=25
101636,1092,Male,26,Jaipur,Fashion,Jeans,2,1169.71,20,2023-08-15,28.83,5,2.0,Cash On Delivery,1169.71,2.0,1871.54,2023-08,2023,26-35
101978,1484,Female,37,Chennai,Home & Kitchen,Bedsheet,1,3323.91,0,2023-04-11,105.54,4,4.0,Cash On Delivery,3323.91,1.0,3323.91,2023-04,2023,36-45
100352,1371,Male,33,Patna,Beauty,Face Cream,2,874.91,15,2023-06-21,125.95,3,5.0,UPI,874.91,2.0,1487.35,2023-06,2023,26-35
100545,1363,Female,32,Mumbai,Home & Kitchen,Cookware Set,1,4791.24,0,2024-10-29,81.03,4,3.0,Cash On Delivery,4791.24,1.0,4791.24,2024-10,2024,26-35
101168,1173,Male,32,Patna,Sports,Dumbbells,1,1709.33,15,2023-02-27,71.25,3,3.0,Cash On Delivery,1709.33,1.0,1452.93,2023-02,2023,26-35
101924,1033,Female,33,Ahmedabad,Beauty,Lipstick,1,577.95,20,2024-01-30,77.95,6,5.0,Debit Card,577.95,1.0,462.36,2024-01,2024,26-35
101677,1371,Male,43,Mumbai,Home & Kitchen,Cookware Set,1,2658.62,10,2024-01-04,89.06,6,4.0,Credit Card,2658.62,1.0,2392.76,2024-01,2024,36-45
101157,1433,Male,16,Bangalore,Books,Comic,1,244.25,10,2023-09-08,58.7,4,4.0,Credit Card,244.25,1.0,219.82,2023-09,2023,<=25
101852,1343,Female,43,Kolkata,Home & Kitchen,Mixer Grinder,3,4886.66,20,2024-02-03,138.87,4,4.0,Credit Card,4886.66,3.0,11727.98,2024-02,2024,36-45
101668,1134,Male,43,Chennai,Sports,Football,1,639.82,15,2024-12-16,100.59,4,4.0,Net Banking,639.82,1.0,543.85,2024-12,2024,36-45
100180,1047,Other,30,Hyderabad,Home & Kitchen,Mixer Grinder,1,2210.23,0,2023-10-31,82.26,5,4.0,UPI,2210.23,1.0,2210.23,2023-10,2023,26-35
101446,1285,Female,59,Jaipur,Sports,Football,2,1567.97,0,2024-07-08,76.32,9,3.0,Debit Card,1567.97,2.0,3135.94,2024-07,2024,56+
101886,1044,Female,32,Kolkata,Electronics,Laptop,1,9938.79,0,2024-03-21,32.46,4,4.0,UPI,6707.506249999999,1.0,9938.79,2024-03,2024,26-35
101692,1008,Male,33,Chennai,Sports,Football,1,3423.91,10,2023-06-22,41.17,3,4.0,Debit Card,3423.91,1.0,3081.52,2023-06,2023,26-35
100411,1063,Male,22,Pune,Home & Kitchen,Lamp,1,3020.29,5,2023-04-23,70.12,2,4.0,Net Banking,3020.29,1.0,2869.28,2023-04,2023,<=25
100661,1011,Male,24,Kolkata,Sports,Yoga Mat,3,1852.33,15,2024-02-01,118.92,5,3.0,Debit Card,1852.33,3.0,4723.44,2024-02,2024,<=25
100351,1113,Other,22,Delhi,Sports,Running Shoes,1,1965.07,15,2023-12-19,92.04,6,4.0,UPI,1965.07,1.0,1670.31,2023-12,2023,<=25
101274,1226,Male,26,Bangalore,Beauty,Hair Dryer,1,870.79,5,2024-10-18,67.77,4,4.0,UPI,870.79,1.0,827.25,2024-10,2024,26-35
100378,1173,Female,44,Kolkata,Beauty,Face Cream,1,817.25,10,2023-06-22,9.42,6,5.0,Credit Card,817.25,1.0,735.52,2023-06,2023,36-45
100740,1491,Male,40,Ahmedabad,Books,Comic,1,446.7,0,2023-11-30,61.96,5,5.0,UPI,446.7,1.0,446.7,2023-11,2023,36-45
100451,1133,Male,20,Pune,Fashion,Jeans,1,1266.74,5,2024-02-17,36.04,3,5.0,Net Banking,1266.74,1.0,1203.4,2024-02,2024,<=25
101719,1282,Female,36,Hyderabad,Sports,Running Shoes,1,2068.74,25,2023-02-01,16.03,5,1.0,Cash On Delivery,2068.74,1.0,1551.55,2023-02,2023,36-45
100745,1241,Male,37,Mumbai,Electronics,Smartphone,1,13342.82,15,2024-03-19,79.39500000000001,7,5.0,Cash On Delivery,6707.506249999999,1.0,11341.4,2024-03,2024,36-45
101781,1440,Male,40,Pune,Electronics,Laptop,1,16330.16,15,2023-07-18,79.39500000000001,7,4.0,Credit Card,6707.506249999999,1.0,13880.64,2023-07,2023,36-45
100072,1411,Male,16,Delhi,Home & Kitchen,Mixer Grinder,2,2416.0,15,2023-08-09,134.37,5,4.0,Net Banking,2416.0,2.0,4107.2,2023-08,2023,<=25
101277,1068,Female,31,Patna,Electronics,Tablet,1,13956.32,25,2024-10-31,92.19,5,4.0,Credit Card,6707.506249999999,1.0,10467.24,2024-10,2024,26-35
101276,1324,Female,16,Kolkata,Electronics,Laptop,1,17647.22,0,2024-11-20,52.24,3,5.0,Net Banking,6707.506249999999,1.0,17647.22,2024-11,2024,<=25
100588,1444,Female,32,Chennai,Sports,Yoga Mat,1,2006.25,10,2024-04-09,56.82,8,4.0,Net Banking,2006.25,1.0,1805.62,2024-04,2024,26-35
101158,1262,Female,51,Hyderabad,Books,Novel,1,639.91,5,2024-06-23,58.03,5,3.0,UPI,639.91,1.0,607.91,2024-06,2024,46-55
101535,1157,Male,35,Delhi,Electronics,Smartwatch,1,19862.58,20,2024-11-06,94.71,1,4.0,UPI,6707.506249999999,1.0,15890.06,2024-11,2024,26-35
101970,1482,Other,45,Pune,Home & Kitchen,Lamp,2,1078.92,0,2024-04-10,4.47,4,4.0,Credit Card,1078.92,2.0,2157.84,2024-04,2024,36-45
101375,1045,Female,44,Bangalore,Electronics,Smartphone,3,9832.26,30,2023-02-14,60.61,6,2.0,Cash On Delivery,6707.506249999999,3.0,20647.75,2023-02,2023,36-45
101443,1171,Female,29,Mumbai,Books,Biography,1,253.62,15,2024-01-19,62.66,9,3.0,UPI,253.62,1.0,215.58,2024-01,2024,26-35
101597,1219,Other,25,Pune,Fashion,Handbag,1,1412.48,15,2024-08-30,42.27,2,4.0,UPI,1412.48,1.0,1200.61,2024-08,2024,<=25
101163,1363,Male,51,Patna,Fashion,Jeans,3,2739.07,20,2023-02-01,133.62,4,4.0,Debit Card,2739.07,3.0,6573.77,2023-02,2023,46-55
101083,1459,Female,16,Kolkata,Books,Biography,1,230.39,30,2023-12-20,81.42,1,5.0,Credit Card,230.39,1.0,161.27,2023-12,2023,<=25
100796,1463,Female,21,Ahmedabad,Home & Kitchen,Bedsheet,4,1593.89,5,2024-01-17,59.87,3,5.0,Cash On Delivery,1593.89,3.5,6056.78,2024-01,2024,<=25
100766,1029,Female,31,Bangalore,Sports,Yoga Mat,1,2284.78,20,2024-05-22,72.81,6,5.0,Cash On Delivery,2284.78,1.0,1827.82,2024-05,2024,26-35
100986,1067,Male,26,Pune,Beauty,Face Cream,3,442.44,25,2024-08-19,84.03,5,4.0,Debit Card,442.44,3.0,995.49,2024-08,2024,26-35
100117,1191,Female,26,Kolkata,Home & Kitchen,Cookware Set,1,3813.22,0,2023-08-12,119.97,5,4.0,Credit Card,3813.22,1.0,3813.22,2023-08,2023,26-35
101691,1460,Female,45,Delhi,Home & Kitchen,Cookware Set,1,2886.74,10,2024-02-05,40.33,6,4.0,Credit Card,2886.74,1.0,2598.07,2024-02,2024,36-45
100413,1250,Female,31,Patna,Sports,Dumbbells,1,1428.09,20,2024-10-31,115.47,3,4.0,Credit Card,1428.09,1.0,1142.47,2024-10,2024,26-35
100005,1420,Male,45,Patna,Beauty,Face Cream,1,990.1,20,2024-07-23,21.71,4,4.0,Net Banking,990.1,1.0,792.08,2024-07,2024,36-45
100309,1032,Male,55,Pune,Fashion,Handbag,1,729.16,10,2023-09-10,101.57,3,5.0,Credit Card,729.16,1.0,656.24,2023-09,2023,46-55
100047,1410,Male,35,Delhi,Home & Kitchen,Mixer Grinder,2,3982.32,0,2023-11-15,20.2,7,3.0,Cash On Delivery,3982.32,2.0,7964.64,2023-11,2023,26-35
101154,1261,Female,22,Mumbai,Beauty,Lipstick,1,1397.33,15,2024-09-18,56.42,5,5.0,Net Banking,1397.33,1.0,1187.73,2024-09,2024,<=25
100639,1197,Male,22,Kolkata,Home & Kitchen,Mixer Grinder,2,2230.23,20,2023-10-15,38.96,5,5.0,Net Banking,2230.23,2.0,3568.37,2023-10,2023,<=25
101206,1219,Male,32,Kolkata,Books,Novel,4,508.41,5,2024-09-03,68.22,3,5.0,Debit Card,508.41,3.5,1931.96,2024-09,2024,26-35
101400,1200,Female,45,Bangalore,Beauty,Shampoo,1,664.04,15,2024-06-23,109.43,5,4.0,Net Banking,664.04,1.0,564.43,2024-06,2024,36-45
101398,1037,Male,16,Pune,Sports,Yoga Mat,4,2978.58,10,2023-01-16,61.84,5,5.0,Cash On Delivery,2978.58,3.5,10722.89,2023-01,2023,<=25
101814,1024,Male,26,Patna,Books,Biography,2,462.29,5,2023-12-08,122.81,5,5.0,Cash On Delivery,462.29,2.0,878.35,2023-12,2023,26-35
101629,1311,Male,32,Pune,Books,Comic,2,426.18,30,2023-06-29,84.18,1,5.0,Debit Card,426.18,2.0,596.65,2023-06,2023,26-35
101107,1314,Male,53,Kolkata,Books,Novel,1,414.06,0,2023-02-08,28.29,2,3.0,Credit Card,414.06,1.0,414.06,2023-02,2023,46-55
101940,1476,Female,36,Jaipur,Sports,Dumbbells,1,1473.46,20,2023-10-21,108.2,4,5.0,Net Banking,1473.46,1.0,1178.77,2023-10,2023,36-45
101021,1023,Female,36,Chennai,Books,Novel,1,581.7,0,2023-05-17,21.82,5,4.0,Net Banking,581.7,1.0,581.7,2023-05,2023,36-45
100493,1478,Female,39,Jaipur,Electronics,Smartwatch,1,16594.65,15,2024-04-06,111.83,6,2.0,Credit Card,6707.506249999999,1.0,14105.45,2024-04,2024,36-45
100195,1369,Female,22,Pune,Home & Kitchen,Mixer Grinder,1,3221.96,0,2024-04-26,87.94,5,4.0,UPI,3221.96,1.0,3221.96,2024-04,2024,<=25
100329,1356,Female,25,Delhi,Home & Kitchen,Mixer Grinder,1,3119.04,5,2023-07-18,147.06,6,3.0,Debit Card,3119.04,1.0,2963.09,2023-07,2023,<=25
101793,1102,Male,20,Kolkata,Books,Cookbook,1,466.56,0,2023-06-17,81.88,5,4.0,UPI,466.56,1.0,466.56,2023-06,2023,<=25
101517,1292,Female,61,Jaipur,Electronics,Headphones,1,20840.79,25,2023-12-24,59.77,4,4.0,Credit Card,6707.506249999999,1.0,15630.59,2023-12,2023,56+
101648,1460,Male,31,Bangalore,Fashion,Jacket,1,2017.46,0,2023-10-26,37.84,5,5.0,Debit Card,2017.46,1.0,2017.46,2023-10,2023,26-35
101147,1220,Male,21,Hyderabad,Electronics,Laptop,1,13191.55,5,2023-05-20,0.0,5,4.0,Net Banking,6707.506249999999,1.0,12531.97,2023-05,2023,<=25
100501,1007,Female,28,Chennai,Beauty,Perfume,1,1181.05,15,2023-04-09,69.65,2,4.0,UPI,1181.05,1.0,1003.89,2023-04,2023,26-35
101813,1143,Female,43,Hyderabad,Beauty,Shampoo,1,743.95,25,2024-10-21,30.6,5,5.0,Debit Card,743.95,1.0,557.96,2024-10,2024,36-45
101134,1236,Male,51,Bangalore,Books,Textbook,1,578.19,0,2023-02-04,43.08,7,4.0,UPI,578.19,1.0,578.19,2023-02,2023,46-55
100886,1019,Female,47,Kolkata,Home & Kitchen,Cookware Set,1,3058.85,30,2023-09-07,98.98,4,4.0,Credit Card,3058.85,1.0,2141.19,2023-09,2023,46-55
101325,1292,Female,51,Ahmedabad,Home & Kitchen,Lamp,3,2926.06,0,2024-09-23,91.51,7,5.0,UPI,2926.06,3.0,8778.18,2024-09,2024,46-55
101183,1003,Male,71,Pune,Home & Kitchen,Vacuum Cleaner,2,4407.19,0,2024-07-01,79.39500000000001,3,2.0,UPI,4407.19,2.0,8814.38,2024-07,2024,56+
101071,1490,Female,47,Jaipur,Sports,Dumbbells,1,2725.86,20,2024-08-31,35.95,2,4.0,Credit Card,2725.86,1.0,2180.69,2024-08,2024,46-55
101620,1497,Female,41,Pune,Fashion,Jeans,2,1792.87,15,2024-07-12,79.26,3,5.0,Debit Card,1792.87,2.0,3047.88,2024-07,2024,36-45
100110,1078,Male,40,Patna,Electronics,Laptop,1,19487.1,0,2023-09-22,24.94,4,4.0,Credit Card,6707.506249999999,1.0,19487.1,2023-09,2023,36-45
100817,1353,Female,21,Patna,Electronics,Smartphone,1,15700.1,30,2024-04-27,0.34,2,4.0,Debit Card,6707.506249999999,1.0,10990.07,2024-04,2024,<=25
101855,1118,Male,16,Kolkata,Sports,Football,1,2418.31,5,2023-12-08,108.27,5,3.0,Net Banking,2418.31,1.0,2297.39,2023-12,2023,<=25
100877,1349,Female,23,Pune,Beauty,Lipstick,2,472.78,0,2024-04-20,84.38,1,5.0,UPI,472.78,2.0,945.56,2024-04,2024,<=25
101986,1146,Male,39,Delhi,Home & Kitchen,Bedsheet,1,2740.21,25,2023-03-16,70.06,5,4.0,Cash On Delivery,2740.21,1.0,2055.16,2023-03,2023,36-45
100562,1173,Male,23,Hyderabad,Home & Kitchen,Bedsheet,1,1601.25,0,2024-02-18,0.0,9,4.0,UPI,1601.25,1.0,1601.25,2024-02,2024,<=25
100354,1386,Male,23,Kolkata,Fashion,Jeans,1,1406.64,10,2023-07-01,103.13,4,5.0,UPI,1406.64,1.0,1265.98,2023-07,2023,<=25
101264,1483,Male,60,Mumbai,Home & Kitchen,Vacuum Cleaner,4,2461.65,15,2023-05-03,79.39500000000001,6,5.0,Cash On Delivery,2461.65,3.5,8369.61,2023-05,2023,56+
100096,1272,Other,16,Pune,Sports,Dumbbells,1,1996.76,30,2024-01-15,59.99,5,4.0,Debit Card,1996.76,1.0,1397.73,2024-01,2024,<=25
100631,1491,Female,37,Hyderabad,Electronics,Smartphone,1,12164.19,5,2024-07-11,74.85,2,5.0,Cash On Delivery,6707.506249999999,1.0,11555.98,2024-07,2024,36-45
100424,1397,Male,44,Ahmedabad,Home & Kitchen,Bedsheet,1,4352.47,20,2023-12-15,79.39500000000001,1,4.0,Cash On Delivery,4352.47,1.0,3481.98,2023-12,2023,36-45
100020,1208,Female,45,Mumbai,Electronics,Smartwatch,1,15160.82,25,2023-03-01,66.89,7,5.0,Debit Card,6707.506249999999,1.0,11370.62,2023-03,2023,36-45
101742,1365,Male,23,Hyderabad,Sports,Cricket Bat,1,1339.51,30,2023-11-04,99.85,4,3.0,Credit Card,1339.51,1.0,937.66,2023-11,2023,<=25
101051,1251,Male,16,Delhi,Electronics,Headphones,1,19802.24,5,2023-09-06,100.14,7,4.0,Debit Card,6707.506249999999,1.0,18812.13,2023-09,2023,<=25
100736,1491,Female,35,Bangalore,Beauty,Lipstick,1,893.73,25,2023-06-14,18.33,9,3.0,Net Banking,893.73,1.0,670.3,2023-06,2023,26-35
100326,1306,Male,39,Mumbai,Home & Kitchen,Cookware Set,3,1382.63,15,2024-02-24,132.28,5,4.0,Net Banking,1382.63,3.0,3525.71,2024-02,2024,36-45
101280,1040,Female,35,Kolkata,Sports,Dumbbells,1,2563.51,5,2023-05-27,34.82,5,5.0,UPI,2563.51,1.0,2435.33,2023-05,2023,26-35
101828,1302,Female,16,Patna,Electronics,Smartphone,2,9772.37,0,2023-05-27,60.5,3,5.0,Debit Card,6707.506249999999,2.0,19544.74,2023-05,2023,<=25
101209,1091,Female,62,Ahmedabad,Electronics,Smartphone,1,16819.85,5,2023-03-17,19.44,1,5.0,Net Banking,6707.506249999999,1.0,15978.86,2023-03,2023,56+
100455,1183,Male,34,Ahmedabad,Books,Textbook,1,536.19,5,2024-02-10,27.4,2,3.0,Debit Card,536.19,1.0,509.38,2024-02,2024,26-35
101825,1496,Other,47,Kolkata,Electronics,Headphones,1,21778.49,0,2024-08-08,134.76,3,3.0,Net Banking,6707.506249999999,1.0,21778.49,2024-08,2024,46-55
100223,1007,Female,51,Pune,Books,Biography,1,311.51,25,2023-01-27,68.77,8,2.0,Net Banking,311.51,1.0,233.63,2023-01,2023,46-55
101754,1056,Male,35,Ahmedabad,Books,Novel,3,317.36,5,2024-01-19,38.86,6,2.0,Cash On Delivery,317.36,3.0,904.48,2024-01,2024,26-35
100738,1080,Other,35,Patna,Fashion,Sneakers,1,1756.79,25,2024-05-15,45.87,5,4.0,Net Banking,1756.79,1.0,1317.59,2024-05,2024,26-35
101123,1401,Male,26,Chennai,Fashion,Jacket,1,1245.28,10,2024-08-22,50.72,2,5.0,Credit Card,1245.28,1.0,1120.75,2024-08,2024,26-35
101835,1397,Other,64,Hyderabad,Electronics,Smartphone,1,25519.98,5,2024-11-01,68.64,3,3.0,Credit Card,6707.506249999999,1.0,24243.98,2024-11,2024,56+
100112,1446,Male,29,Delhi,Beauty,Face Cream,2,771.33,5,2023-09-08,44.82,9,3.0,Debit Card,771.33,2.0,1465.53,2023-09,2023,26-35
101566,1456,Female,26,Ahmedabad,Home & Kitchen,Cookware Set,2,2260.5,0,2024-02-09,70.61,3,3.0,Cash On Delivery,2260.5,2.0,4521.0,2024-02,2024,26-35
100442,1236,Male,43,Kolkata,Fashion,Sneakers,1,814.36,25,2024-06-05,129.09,3,3.0,Net Banking,814.36,1.0,610.77,2024-06,2024,36-45
100621,1209,Male,30,Chennai,Sports,Football,1,3049.88,15,2023-12-18,48.72,3,5.0,Debit Card,3049.88,1.0,2592.4,2023-12,2023,26-35
101138,1394,Male,35,Mumbai,Beauty,Shampoo,1,747.96,20,2024-01-30,137.04,5,5.0,Net Banking,747.96,1.0,598.37,2024-01,2024,26-35
100314,1396,Male,24,Chennai,Sports,Cricket Bat,3,699.23,25,2023-08-03,51.48,7,4.0,UPI,699.23,3.0,1573.27,2023-08,2023,<=25
100288,1469,Female,38,Pune,Beauty,Perfume,1,613.31,10,2023-12-22,93.34,5,4.0,Net Banking,613.31,1.0,551.98,2023-12,2023,36-45
101698,1322,Female,40,Pune,Electronics,Smartphone,1,6949.17,10,2023-09-02,70.88,6,4.0,Credit Card,6707.506249999999,1.0,6254.25,2023-09,2023,36-45
100566,1224,Male,26,Mumbai,Sports,Cricket Bat,1,3016.46,20,2023-12-10,62.53,8,3.0,Credit Card,3016.46,1.0,2413.17,2023-12,2023,26-35
100861,1018,Female,32,Delhi,Home & Kitchen,Bedsheet,4,3194.89,10,2023-03-01,0.0,6,3.0,Cash On Delivery,3194.89,3.5,11501.6,2023-03,2023,26-35
100518,1076,Female,26,Bangalore,Sports,Running Shoes,4,1766.81,15,2024-12-04,95.14,4,5.0,Net Banking,1766.81,3.5,6007.15,2024-12,2024,26-35
100952,1338,Female,18,Bangalore,Electronics,Laptop,1,13121.22,25,2023-05-24,23.52,5,5.0,Debit Card,6707.506249999999,1.0,9840.91,2023-05,2023,<=25
101727,1356,Other,31,Hyderabad,Sports,Football,1,1733.03,10,2023-08-03,108.05,5,2.0,UPI,1733.03,1.0,1559.73,2023-08,2023,26-35
101510,1142,Female,37,Hyderabad,Beauty,Hair Dryer,4,721.26,20,2024-09-29,124.26,4,5.0,Cash On Delivery,721.26,3.5,2308.03,2024-09,2024,36-45
100682,1284,Male,51,Hyderabad,Beauty,Shampoo,1,992.32,5,2024-03-27,71.8,3,3.0,Cash On Delivery,992.32,1.0,942.7,2024-03,2024,46-55
101332,1465,Male,43,Ahmedabad,Books,Cookbook,1,391.5,0,2024-10-23,85.25,2,4.0,Cash On Delivery,391.5,1.0,391.5,2024-10,2024,36-45
100340,1201,Male,42,Delhi,Home & Kitchen,Lamp,1,3083.66,15,2023-08-02,62.07,2,5.0,Net Banking,3083.66,1.0,2621.11,2023-08,2023,36-45
100359,1289,Male,25,Delhi,Beauty,Face Cream,1,525.3,0,2024-03-10,31.38,2,4.0,UPI,525.3,1.0,525.3,2024-03,2024,<=25
101943,1368,Male,26,Delhi,Electronics,Tablet,1,18714.09,10,2024-01-16,57.4,5,3.0,Credit Card,6707.506249999999,1.0,16842.68,2024-01,2024,26-35
100612,1264,Male,27,Patna,Fashion,Jeans,1,932.11,5,2024-02-28,103.31,5,4.0,Net Banking,932.11,1.0,885.5,2024-02,2024,26-35
100018,1189,Female,18,Bangalore,Electronics,Smartphone,1,24049.25,0,2023-09-26,35.72,3,5.0,UPI,6707.506249999999,1.0,24049.25,2023-09,2023,<=25
101464,1439,Other,36,Kolkata,Beauty,Perfume,1,942.25,25,2024-04-17,110.81,8,2.0,Credit Card,942.25,1.0,706.69,2024-04,2024,36-45
101114,1050,Male,38,Hyderabad,Beauty,Face Cream,2,817.74,10,2024-11-21,69.32,6,3.0,Credit Card,817.74,2.0,1471.93,2024-11,2024,36-45
100375,1492,Female,45,Bangalore,Home & Kitchen,Bedsheet,1,3618.17,25,2023-01-27,53.92,3,4.0,Credit Card,3618.17,1.0,2713.63,2023-01,2023,36-45
101575,1457,Male,38,Hyderabad,Home & Kitchen,Cookware Set,1,2625.37,15,2024-10-19,74.53,8,5.0,UPI,2625.37,1.0,2231.56,2024-10,2024,36-45
100620,1231,Male,31,Chennai,Sports,Yoga Mat,1,1772.39,15,2023-10-04,27.0,8,3.0,UPI,1772.39,1.0,1506.53,2023-10,2023,26-35
101816,1330,Female,59,Delhi,Books,Cookbook,1,386.11,20,2024-12-23,151.28,4,4.0,Credit Card,386.11,1.0,308.89,2024-12,2024,56+
101307,1354,Female,38,Hyderabad,Fashion,Sneakers,1,1010.32,20,2024-08-29,110.9,5,5.0,Debit Card,1010.32,1.0,808.26,2024-08,2024,36-45
101644,1389,Male,39,Delhi,Sports,Football,1,2185.52,15,2024-04-16,35.96,5,4.0,Net Banking,2185.52,1.0,1857.69,2024-04,2024,36-45
101882,1056,Other,18,Bangalore,Fashion,Jeans,1,840.72,10,2023-06-27,97.43,5,5.0,UPI,840.72,1.0,756.65,2023-06,2023,<=25
100055,1325,Female,21,Jaipur,Beauty,Shampoo,1,499.8,15,2024-08-13,46.5,5,5.0,UPI,499.8,1.0,424.83,2024-08,2024,<=25
100264,1438,Female,53,Delhi,Beauty,Face Cream,1,835.33,0,2023-05-04,105.31,3,4.0,UPI,835.33,1.0,835.33,2023-05,2023,46-55
100102,1253,Female,44,Chennai,Sports,Football,5,1540.76,10,2023-03-19,99.78,6,4.0,Credit Card,1540.76,3.5,6933.42,2023-03,2023,36-45
100276,1012,Female,29,Pune,Fashion,T-Shirt,1,2332.65,10,2024-08-08,145.1,4,4.0,UPI,2332.65,1.0,2099.39,2024-08,2024,26-35
100287,1170,Female,47,Delhi,Sports,Yoga Mat,3,2031.26,5,2024-08-18,47.48,5,2.0,UPI,2031.26,3.0,5789.09,2024-08,2024,46-55
101765,1444,Female,46,Pune,Books,Comic,2,50.0,15,2023-04-13,70.85,2,4.0,Credit Card,50.0,2.0,85.0,2023-04,2023,46-55
100250,1013,Female,37,Delhi,Electronics,Smartwatch,5,17101.63,0,2023-08-07,77.97,6,4.0,Net Banking,6707.506249999999,3.5,85508.15,2023-08,2023,36-45
101472,1355,Male,16,Jaipur,Beauty,Shampoo,1,1247.87,5,2024-06-09,62.98,2,4.0,Cash On Delivery,1247.87,1.0,1185.48,2024-06,2024,<=25
101427,1221,Male,31,Kolkata,Sports,Football,1,1878.78,10,2023-06-03,24.23,2,4.0,Net Banking,1878.78,1.0,1690.9,2023-06,2023,26-35
101761,1302,Female,32,Pune,Home & Kitchen,Cookware Set,1,1859.61,15,2023-04-20,29.54,4,3.0,Cash On Delivery,1859.61,1.0,1580.67,2023-04,2023,26-35
100579,1210,Female,43,Delhi,Home & Kitchen,Vacuum Cleaner,1,2399.98,10,2023-08-21,79.39500000000001,2,4.0,Debit Card,2399.98,1.0,2159.98,2023-08,2023,36-45
100345,1039,Female,69,Bangalore,Beauty,Shampoo,1,819.88,0,2024-02-05,53.08,4,4.0,Net Banking,819.88,1.0,819.88,2024-02,2024,56+
100654,1051,Female,40,Bangalore,Electronics,Headphones,2,3638.6,0,2024-09-10,118.45,4,4.0,Net Banking,3638.6,2.0,7277.2,2024-09,2024,36-45
101524,1006,Male,28,Mumbai,Sports,Yoga Mat,1,2664.74,0,2024-02-01,85.93,5,5.0,Credit Card,2664.74,1.0,2664.74,2024-02,2024,26-35
100443,1442,Female,19,Ahmedabad,Home & Kitchen,Vacuum Cleaner,1,5080.26,0,2024-08-06,109.32,4,4.0,Credit Card,5080.26,1.0,5080.26,2024-08,2024,<=25
101784,1034,Male,16,Bangalore,Beauty,Perfume,3,886.87,15,2024-03-02,88.04,6,5.0,UPI,886.87,3.0,2261.52,2024-03,2024,<=25
100061,1319,Male,33,Bangalore,Electronics,Headphones,1,5913.97,25,2023-06-10,73.03,8,2.0,UPI,5913.97,1.0,4435.48,2023-06,2023,26-35
101233,1199,Female,42,Mumbai,Books,Comic,2,331.51,5,2024-07-10,29.65,5,5.0,UPI,331.51,2.0,629.87,2024-07,2024,36-45
101434,1303,Female,41,Hyderabad,Electronics,Smartphone,1,21258.93,10,2023-02-02,46.3,2,5.0,Credit Card,6707.506249999999,1.0,19133.04,2023-02,2023,36-45
100528,1136,Male,37,Patna,Beauty,Lipstick,3,920.6,25,2024-10-01,0.0,5,4.0,Debit Card,920.6,3.0,2071.35,2024-10,2024,36-45
100364,1323,Female,52,Jaipur,Sports,Football,1,1786.96,5,2024-04-24,129.48,4,5.0,Debit Card,1786.96,1.0,1697.61,2024-04,2024,46-55
101700,1254,Female,16,Pune,Beauty,Lipstick,1,458.04,20,2023-07-15,69.69,6,5.0,Net Banking,458.04,1.0,366.43,2023-07,2023,<=25
100211,1077,Female,35,Patna,Sports,Cricket Bat,2,2254.11,5,2024-02-10,16.79,5,2.0,UPI,2254.11,2.0,4282.81,2024-02,2024,26-35
100282,1325,Male,45,Mumbai,Sports,Cricket Bat,1,2697.1,10,2023-07-04,61.95,2,4.0,Credit Card,2697.1,1.0,2427.39,2023-07,2023,36-45
101439,1244,Female,24,Bangalore,Electronics,Smartphone,1,11716.92,10,2023-04-05,112.61,4,3.0,Cash On Delivery,6707.506249999999,1.0,10545.23,2023-04,2023,<=25
101241,1349,Female,29,Chennai,Beauty,Hair Dryer,1,1278.77,25,2024-09-17,56.73,6,4.0,Cash On Delivery,1278.77,1.0,959.08,2024-09,2024,26-35
101079,1221,Female,33,Jaipur,Beauty,Shampoo,2,813.08,0,2023-02-02,88.26,4,3.0,UPI,813.08,2.0,1626.16,2023-02,2023,26-35
101990,1323,Male,36,Patna,Home & Kitchen,Mixer Grinder,1,5000.61,25,2024-07-05,62.83,6,4.0,Cash On Delivery,5000.61,1.0,3750.46,2024-07,2024,36-45
101250,1175,Male,29,Ahmedabad,Beauty,Lipstick,1,777.62,0,2023-01-09,93.16,6,4.0,UPI,777.62,1.0,777.62,2023-01,2023,26-35
101003,1337,Male,36,Mumbai,Electronics,Headphones,1,16284.51,10,2024-12-06,85.56,3,5.0,Net Banking,6707.506249999999,1.0,14656.06,2024-12,2024,36-45
100701,1419,Female,34,Patna,Sports,Dumbbells,1,1928.43,15,2023-03-31,123.42,6,2.0,Debit Card,1928.43,1.0,1639.17,2023-03,2023,26-35
100718,1223,Female,16,Jaipur,Fashion,Handbag,2,999.64,15,2023-10-02,78.48,6,5.0,Debit Card,999.64,2.0,1699.39,2023-10,2023,<=25
100325,1371,Other,31,Ahmedabad,Sports,Dumbbells,1,1957.94,0,2023-11-18,81.61,4,3.0,Cash On Delivery,1957.94,1.0,1957.94,2023-11,2023,26-35
100529,1423,Male,34,Ahmedabad,Home & Kitchen,Mixer Grinder,1,4088.19,10,2023-11-22,80.67,11,4.0,UPI,4088.19,1.0,3679.37,2023-11,2023,26-35
101718,1239,Female,51,Delhi,Electronics,Laptop,1,21054.49,10,2023-01-14,135.07,7,4.0,Cash On Delivery,6707.506249999999,1.0,18949.04,2023-01,2023,46-55
100029,1169,Male,31,Patna,Home & Kitchen,Cookware Set,1,1894.46,25,2024-05-04,149.29,7,4.0,Cash On Delivery,1894.46,1.0,1420.84,2024-05,2024,26-35
100849,1101,Female,53,Hyderabad,Electronics,Smartwatch,1,10328.44,15,2023-11-10,115.06,3,4.0,UPI,6707.506249999999,1.0,8779.17,2023-11,2023,46-55
101599,1195,Female,40,Delhi,Home & Kitchen,Vacuum Cleaner,1,346.62,15,2024-12-17,72.09,3,5.0,UPI,346.62,1.0,294.63,2024-12,2024,36-45
100360,1109,Male,35,Delhi,Electronics,Tablet,4,24402.22,10,2024-06-09,106.5,1,1.0,Credit Card,6707.506249999999,3.5,87847.99,2024-06,2024,26-35
101034,1311,Male,49,Pune,Beauty,Face Cream,1,643.0,10,2024-05-11,83.88,4,5.0,UPI,643.0,1.0,578.7,2024-05,2024,46-55
101809,1260,Male,35,Ahmedabad,Books,Novel,1,593.58,10,2024-01-03,98.15,6,3.0,Net Banking,593.58,1.0,534.22,2024-01,2024,26-35
100225,1400,Male,16,Ahmedabad,Books,Comic,1,438.7,25,2024-11-11,102.85,3,3.0,Cash On Delivery,438.7,1.0,329.02,2024-11,2024,<=25
101243,1454,Female,38,Patna,Sports,Running Shoes,1,3515.62,20,2023-08-08,20.78,4,5.0,Credit Card,3515.62,1.0,2812.5,2023-08,2023,36-45
100431,1022,Male,33,Hyderabad,Electronics,Headphones,1,15370.11,10,2023-12-08,65.66,6,4.0,Credit Card,6707.506249999999,1.0,13833.1,2023-12,2023,26-35
101196,1081,Male,35,Jaipur,Beauty,Face Cream,1,775.58,10,2023-01-01,126.47,5,4.0,Debit Card,775.58,1.0,698.02,2023-01,2023,26-35
101525,1068,Male,35,Jaipur,Beauty,Face Cream,2,863.61,5,2023-08-30,123.47,4,4.0,Credit Card,863.61,2.0,1640.86,2023-08,2023,26-35
101424,1007,Male,22,Kolkata,Sports,Yoga Mat,1,1004.7,20,2023-01-23,87.77,3,3.0,Net Banking,1004.7,1.0,803.76,2023-01,2023,<=25
100859,1430,Female,37,Mumbai,Home & Kitchen,Lamp,1,1282.91,10,2023-04-08,121.96,3,5.0,Debit Card,1282.91,1.0,1154.62,2023-04,2023,36-45
100929,1092,Female,25,Patna,Books,Cookbook,1,286.66,15,2024-09-18,47.98,1,3.0,UPI,286.66,1.0,243.66,2024-09,2024,<=25
101496,1109,Male,31,Kolkata,Fashion,Handbag,2,1417.92,30,2024-07-29,46.15,9,5.0,Credit Card,1417.92,2.0,1985.09,2024-07,2024,26-35
100480,1497,Male,36,Bangalore,Sports,Dumbbells,1,2074.54,25,2023-01-27,136.5,6,4.0,UPI,2074.54,1.0,1555.9,2023-01,2023,36-45
100902,1279,Male,47,Patna,Beauty,Perfume,1,745.4,10,2023-01-16,68.25,1,4.0,Debit Card,745.4,1.0,670.86,2023-01,2023,46-55
100752,1388,Female,16,Jaipur,Books,Textbook,2,584.87,10,2023-08-07,71.6,2,4.0,Credit Card,584.87,2.0,1052.77,2023-08,2023,<=25
100557,1076,Female,16,Hyderabad,Fashion,Sneakers,1,1413.27,15,2024-06-20,27.86,6,5.0,UPI,1413.27,1.0,1201.28,2024-06,2024,<=25
100896,1358,Male,27,Delhi,Sports,Football,2,1693.32,10,2024-07-01,58.77,7,3.0,Credit Card,1693.32,2.0,3047.98,2024-07,2024,26-35
100152,1079,Female,46,Jaipur,Electronics,Tablet,2,13930.15,20,2023-04-28,61.57,6,3.0,Net Banking,6707.506249999999,2.0,22288.24,2023-04,2023,46-55
100216,1088,Male,47,Jaipur,Electronics,Smartphone,2,22767.18,5,2024-02-14,112.47,3,3.0,Credit Card,6707.506249999999,2.0,43257.64,2024-02,2024,46-55
100099,1316,Male,40,Bangalore,Home & Kitchen,Bedsheet,2,4526.75,25,2024-02-21,77.59,2,5.0,Credit Card,4526.75,2.0,6790.12,2024-02,2024,36-45
101489,1354,Male,62,Mumbai,Beauty,Lipstick,1,1028.69,0,2024-08-11,0.0,5,3.0,UPI,1028.69,1.0,1028.69,2024-08,2024,56+
100471,1070,Female,40,Jaipur,Beauty,Lipstick,1,799.67,5,2023-02-21,172.47,3,2.0,Credit Card,799.67,1.0,759.69,2023-02,2023,36-45
101933,1271,Male,21,Bangalore,Electronics,Headphones,1,14780.17,10,2023-04-12,77.01,4,5.0,Credit Card,6707.506249999999,1.0,13302.15,2023-04,2023,<=25
101432,1246,Male,28,Jaipur,Books,Comic,3,350.31,30,2024-11-27,101.01,5,4.0,Net Banking,350.31,3.0,735.65,2024-11,2024,26-35
101495,1022,Female,45,Chennai,Beauty,Shampoo,2,552.56,0,2023-02-28,121.43,3,2.0,Cash On Delivery,552.56,2.0,1105.12,2023-02,2023,36-45
100013,1306,Male,17,Chennai,Home & Kitchen,Bedsheet,1,3329.19,10,2024-05-04,96.58,3,4.0,UPI,3329.19,1.0,2996.27,2024-05,2024,<=25
101954,1312,Male,44,Mumbai,Home & Kitchen,Lamp,1,2035.06,5,2023-01-31,0.0,5,4.0,UPI,2035.06,1.0,1933.31,2023-01,2023,36-45
101412,1377,Female,57,Hyderabad,Sports,Dumbbells,1,2455.09,0,2023-05-26,104.14,4,5.0,Net Banking,2455.09,1.0,2455.09,2023-05,2023,56+
100168,1179,Male,38,Jaipur,Home & Kitchen,Cookware Set,1,3178.69,30,2023-01-07,99.36,4,5.0,Cash On Delivery,3178.69,1.0,2225.08,2023-01,2023,36-45
101347,1002,Male,45,Hyderabad,Beauty,Lipstick,1,910.48,0,2024-04-23,151.23,5,1.0,Cash On Delivery,910.48,1.0,910.48,2024-04,2024,36-45
101364,1266,Female,28,Delhi,Sports,Running Shoes,1,1118.22,5,2023-04-04,91.81,7,4.0,UPI,1118.22,1.0,1062.31,2023-04,2023,26-35
100189,1253,Male,57,Patna,Home & Kitchen,Bedsheet,2,1551.89,10,2023-07-14,84.09,2,1.0,Debit Card,1551.89,2.0,2793.4,2023-07,2023,56+
101503,1341,Male,42,Pune,Books,Textbook,1,246.57,30,2023-07-22,71.7,5,2.0,Net Banking,246.57,1.0,172.6,2023-07,2023,36-45
101082,1145,Male,27,Mumbai,Books,Textbook,1,348.62,25,2024-05-02,82.85,5,2.0,Debit Card,348.62,1.0,261.47,2024-05,2024,26-35
100044,1485,Male,16,Kolkata,Books,Biography,1,243.57,10,2023-12-15,124.24,3,4.0,UPI,243.57,1.0,219.21,2023-12,2023,<=25
101674,1404,Female,36,Hyderabad,Fashion,Handbag,2,1057.67,15,2023-10-17,114.15,6,4.0,UPI,1057.67,2.0,1798.04,2023-10,2023,36-45
100010,1247,Male,50,Hyderabad,Fashion,Jacket,1,1887.2,5,2023-02-27,66.44,6,3.0,Credit Card,1887.2,1.0,1792.84,2023-02,2023,46-55
101362,1403,Female,39,Bangalore,Fashion,Handbag,1,2367.66,20,2023-01-28,76.71,4,5.0,Debit Card,2367.66,1.0,1894.13,2023-01,2023,36-45
100148,1370,Female,26,Ahmedabad,Electronics,Tablet,1,17375.83,25,2023-02-22,37.3,4,2.0,Debit Card,6707.506249999999,1.0,13031.87,2023-02,2023,26-35
101281,1228,Female,36,Ahmedabad,Beauty,Face Cream,3,426.45,10,2024-02-21,104.05,4,2.0,UPI,426.45,3.0,1151.42,2024-02,2024,36-45
100014,1403,Male,30,Bangalore,Books,Biography,2,380.29,25,2024-02-01,38.57,1,5.0,Credit Card,380.29,2.0,570.44,2024-02,2024,26-35
100390,1221,Female,55,Jaipur,Sports,Dumbbells,1,3136.08,15,2024-05-11,52.43,5,2.0,Credit Card,3136.08,1.0,2665.67,2024-05,2024,46-55
101299,1296,Female,16,Ahmedabad,Beauty,Shampoo,1,822.12,15,2023-07-12,99.22,5,5.0,Credit Card,822.12,1.0,698.8,2023-07,2023,<=25
100985,1201,Female,38,Chennai,Books,Comic,1,220.03,15,2024-07-28,80.92,3,5.0,Cash On Delivery,220.03,1.0,187.03,2024-07,2024,36-45
100759,1308,Female,40,Mumbai,Sports,Running Shoes,1,2895.78,15,2024-09-22,43.35,7,4.0,Cash On Delivery,2895.78,1.0,2461.41,2024-09,2024,36-45
100998,1040,Female,28,Bangalore,Electronics,Headphones,1,12512.53,5,2023-09-24,49.69,5,4.0,Debit Card,6707.506249999999,1.0,11886.9,2023-09,2023,26-35
101549,1297,Male,43,Mumbai,Beauty,Face Cream,2,443.91,5,2023-06-13,15.21,3,4.0,Debit Card,443.91,2.0,843.43,2023-06,2023,36-45
100790,1365,Female,38,Pune,Sports,Football,2,1391.58,10,2024-01-15,49.17,4,5.0,Net Banking,1391.58,2.0,2504.84,2024-01,2024,36-45
101874,1348,Female,38,Pune,Electronics,Tablet,1,9049.46,10,2024-06-06,94.59,1,4.0,Debit Card,6707.506249999999,1.0,8144.51,2024-06,2024,36-45
101683,1376,Female,38,Patna,Books,Comic,1,538.42,25,2023-05-26,89.73,4,5.0,Net Banking,538.42,1.0,403.81,2023-05,2023,36-45
100667,1263,Female,26,Mumbai,Sports,Yoga Mat,1,1789.92,5,2023-05-27,41.9,2,5.0,Credit Card,1789.92,1.0,1700.42,2023-05,2023,26-35
100652,1093,Male,59,Mumbai,Electronics,Headphones,1,15740.75,0,2024-06-19,119.9,6,5.0,Credit Card,6707.506249999999,1.0,15740.75,2024-06,2024,56+
100801,1012,Female,30,Delhi,Books,Biography,1,426.34,10,2023-05-02,76.22,4,1.0,Cash On Delivery,426.34,1.0,383.71,2023-05,2023,26-35
100505,1103,Male,16,Chennai,Books,Textbook,2,487.39,10,2024-02-24,37.47,4,4.0,Credit Card,487.39,2.0,877.3,2024-02,2024,<=25
101132,1059,Female,25,Chennai,Fashion,Jeans,1,1041.16,10,2023-08-29,77.14,3,3.0,UPI,1041.16,1.0,937.04,2023-08,2023,<=25
100743,1101,Male,41,Bangalore,Electronics,Smartphone,1,17842.12,0,2024-01-31,74.75,2,5.0,Debit Card,6707.506249999999,1.0,17842.12,2024-01,2024,36-45
101392,1120,Female,35,Pune,Sports,Running Shoes,1,1270.29,5,2023-03-16,43.7,7,4.0,UPI,1270.29,1.0,1206.78,2023-03,2023,26-35
101779,1176,Male,16,Patna,Beauty,Shampoo,1,485.25,30,2024-04-10,48.62,4,5.0,Net Banking,485.25,1.0,339.67,2024-04,2024,<=25
100982,1099,Female,20,Patna,Fashion,Handbag,2,1602.02,25,2024-10-09,70.72,11,4.0,Debit Card,1602.02,2.0,2403.03,2024-10,2024,<=25
101637,1326,Female,25,Patna,Electronics,Smartwatch,4,23446.23,10,2024-06-24,125.04,6,5.0,Net Banking,6707.506249999999,3.5,84406.43,2024-06,2024,<=25
101180,1004,Male,40,Hyderabad,Books,Cookbook,2,438.95,10,2024-06-12,160.48,7,4.0,Net Banking,438.95,2.0,790.11,2024-06,2024,36-45
101129,1059,Male,29,Chennai,Books,Biography,1,326.01,0,2024-11-06,85.14,3,4.0,Debit Card,326.01,1.0,326.01,2024-11,2024,26-35
100026,1368,Female,38,Ahmedabad,Home & Kitchen,Mixer Grinder,1,5954.79,10,2024-11-23,49.48,2,5.0,UPI,5954.79,1.0,5359.31,2024-11,2024,36-45
100644,1487,Female,34,Kolkata,Books,Biography,1,486.98,0,2023-12-23,148.92,4,4.0,Debit Card,486.98,1.0,486.98,2023-12,2023,26-35
101478,1008,Other,16,Patna,Books,Comic,1,90.21,5,2023-01-10,0.0,4,4.0,Net Banking,90.21,1.0,85.7,2023-01,2023,<=25
101091,1083,Female,37,Pune,Electronics,Smartphone,1,18492.39,0,2024-03-18,92.94,10,4.0,Debit Card,6707.506249999999,1.0,18492.39,2024-03,2024,36-45
101810,1217,Male,23,Jaipur,Beauty,Face Cream,1,261.15,15,2024-04-14,101.51,8,4.0,Credit Card,261.15,1.0,221.98,2024-04,2024,<=25
100116,1015,Male,28,Chennai,Home & Kitchen,Bedsheet,3,3071.39,25,2024-06-17,17.62,6,4.0,Debit Card,3071.39,3.0,6910.63,2024-06,2024,26-35
100025,1288,Male,32,Mumbai,Sports,Yoga Mat,1,2162.52,10,2024-01-12,86.22,5,4.0,Net Banking,2162.52,1.0,1946.27,2024-01,2024,26-35
100371,1481,Female,37,Pune,Home & Kitchen,Bedsheet,2,4584.16,20,2024-03-21,87.82,5,4.0,UPI,4584.16,2.0,7334.66,2024-03,2024,36-45
101802,1337,Female,36,Hyderabad,Sports,Cricket Bat,1,2222.29,10,2024-02-21,102.04,6,5.0,UPI,2222.29,1.0,2000.06,2024-02,2024,36-45
100705,1053,Female,31,Bangalore,Sports,Dumbbells,1,2523.56,0,2024-09-20,46.72,5,4.0,UPI,2523.56,1.0,2523.56,2024-09,2024,26-35
101624,1113,Female,46,Pune,Electronics,Smartphone,1,12100.18,25,2023-10-11,70.42,5,5.0,Debit Card,6707.506249999999,1.0,9075.14,2023-10,2023,46-55
100454,1163,Male,35,Hyderabad,Sports,Cricket Bat,1,1640.9,25,2023-02-19,94.28,2,3.0,Credit Card,1640.9,1.0,1230.68,2023-02,2023,26-35
100097,1350,Female,28,Ahmedabad,Fashion,Handbag,1,1855.64,10,2024-05-29,84.08,3,3.0,UPI,1855.64,1.0,1670.08,2024-05,2024,26-35
101877,1081,Male,19,Mumbai,Beauty,Hair Dryer,3,482.14,15,2024-12-04,85.01,1,5.0,Cash On Delivery,482.14,3.0,1229.46,2024-12,2024,<=25
101819,1297,Other,38,Hyderabad,Electronics,Headphones,3,19965.85,15,2024-05-06,79.39500000000001,7,3.0,Cash On Delivery,6707.506249999999,3.0,50912.92,2024-05,2024,36-45
101468,1034,Other,68,Ahmedabad,Electronics,Smartphone,1,18046.18,0,2023-05-09,38.04,3,2.0,Credit Card,6707.506249999999,1.0,18046.18,2023-05,2023,56+
100100,1067,Male,32,Ahmedabad,Beauty,Face Cream,5,735.8,0,2024-11-21,132.76,10,5.0,Credit Card,735.8,3.5,3679.0,2024-11,2024,26-35
101529,1270,Other,23,Bangalore,Home & Kitchen,Vacuum Cleaner,1,2672.32,0,2023-04-12,155.03,3,5.0,Net Banking,2672.32,1.0,2672.32,2023-04,2023,<=25
101516,1084,Female,26,Kolkata,Sports,Cricket Bat,2,948.12,0,2024-10-15,147.16,4,4.0,Cash On Delivery,948.12,2.0,1896.24,2024-10,2024,26-35
101966,1249,Female,39,Ahmedabad,Home & Kitchen,Cookware Set,2,3821.79,20,2023-10-05,0.0,6,2.0,Credit Card,3821.79,2.0,6114.86,2023-10,2023,36-45
100358,1495,Male,19,Bangalore,Home & Kitchen,Bedsheet,1,2576.01,0,2024-04-04,91.86,4,3.0,Cash On Delivery,2576.01,1.0,2576.01,2024-04,2024,<=25
100858,1333,Male,19,Delhi,Beauty,Face Cream,1,947.69,15,2024-06-14,78.25,2,4.0,Net Banking,947.69,1.0,805.54,2024-06,2024,<=25
100594,1114,Male,35,Hyderabad,Home & Kitchen,Vacuum Cleaner,2,2669.49,15,2024-03-21,74.3,8,3.0,Net Banking,2669.49,2.0,4538.13,2024-03,2024,26-35
101878,1035,Female,36,Hyderabad,Sports,Football,1,825.55,25,2023-07-24,152.75,5,4.0,Debit Card,825.55,1.0,619.16,2023-07,2023,36-45
101160,1254,Female,41,Kolkata,Sports,Football,4,2574.4,0,2023-06-09,74.74,5,1.0,Net Banking,2574.4,3.5,10297.6,2023-06,2023,36-45
101626,1241,Female,44,Bangalore,Books,Novel,1,470.85,25,2024-04-19,119.98,3,4.0,UPI,470.85,1.0,353.14,2024-04,2024,36-45
100587,1091,Female,39,Patna,Electronics,Laptop,2,21591.78,20,2023-05-26,104.89,3,4.0,Credit Card,6707.506249999999,2.0,34546.85,2023-05,2023,36-45
101893,1423,Male,34,Mumbai,Electronics,Smartphone,1,15737.37,15,2024-10-12,85.78,5,3.0,Cash On Delivery,6707.506249999999,1.0,13376.76,2024-10,2024,26-35
101833,1460,Female,17,Jaipur,Beauty,Shampoo,2,917.46,0,2023-11-24,101.35,4,2.0,Debit Card,917.46,2.0,1834.92,2023-11,2023,<=25
100770,1368,Male,33,Jaipur,Electronics,Tablet,1,18542.29,15,2024-06-16,71.25,5,3.0,Debit Card,6707.506249999999,1.0,15760.95,2024-06,2024,26-35
100271,1024,Female,26,Kolkata,Books,Comic,2,564.95,10,2023-12-08,9.32,7,5.0,Debit Card,564.95,2.0,1016.91,2023-12,2023,26-35
100119,1460,Male,27,Mumbai,Books,Textbook,1,450.92,15,2023-04-21,0.0,6,1.0,Cash On Delivery,450.92,1.0,383.28,2023-04,2023,26-35
100118,1390,Female,33,Chennai,Beauty,Hair Dryer,1,985.38,15,2024-12-25,137.97,4,5.0,Credit Card,985.38,1.0,837.57,2024-12,2024,26-35
101296,1314,Male,46,Mumbai,Home & Kitchen,Bedsheet,2,2885.31,25,2023-05-15,99.35,5,4.0,Cash On Delivery,2885.31,2.0,4327.96,2023-05,2023,46-55
101934,1362,Female,31,Pune,Electronics,Smartwatch,1,13768.44,0,2023-09-24,168.48,1,5.0,Credit Card,6707.506249999999,1.0,13768.44,2023-09,2023,26-35
101941,1416,Male,16,Jaipur,Books,Textbook,1,311.89,20,2023-07-11,29.46,8,4.0,Net Banking,311.89,1.0,249.51,2023-07,2023,<=25
100699,1127,Male,36,Delhi,Sports,Cricket Bat,3,2527.18,20,2024-05-23,60.88,5,3.0,UPI,2527.18,3.0,6065.23,2024-05,2024,36-45
101016,1387,Male,59,Bangalore,Electronics,Laptop,2,18534.16,10,2023-02-12,106.86,5,4.0,Debit Card,6707.506249999999,2.0,33361.49,2023-02,2023,56+
101530,1254,Female,39,Ahmedabad,Electronics,Smartphone,2,24749.8,0,2023-12-09,113.56,3,5.0,Net Banking,6707.506249999999,2.0,49499.6,2023-12,2023,36-45
101245,1140,Male,36,Hyderabad,Fashion,T-Shirt,1,1372.66,15,2023-04-01,66.54,3,4.0,Debit Card,1372.66,1.0,1166.76,2023-04,2023,36-45
100165,1479,Female,52,Chennai,Electronics,Smartphone,1,15501.05,25,2023-09-02,128.52,7,4.0,UPI,6707.506249999999,1.0,11625.79,2023-09,2023,46-55
100603,1170,Female,27,Kolkata,Electronics,Headphones,3,17170.73,10,2023-01-29,34.11,3,5.0,Cash On Delivery,6707.506249999999,3.0,46360.97,2023-01,2023,26-35
101984,1340,Male,53,Jaipur,Beauty,Lipstick,1,764.69,10,2023-02-14,129.93,4,5.0,Debit Card,764.69,1.0,688.22,2023-02,2023,46-55
101897,1360,Female,34,Delhi,Home & Kitchen,Mixer Grinder,1,2029.71,10,2024-08-17,106.97,5,5.0,Cash On Delivery,2029.71,1.0,1826.74,2024-08,2024,26-35
100466,1263,Male,25,Chennai,Books,Comic,1,242.62,10,2024-03-23,7.67,1,4.0,Net Banking,242.62,1.0,218.36,2024-03,2024,<=25
101171,1349,Male,32,Patna,Electronics,Tablet,1,28660.36,0,2024-09-27,56.89,7,2.0,Net Banking,6707.506249999999,1.0,28660.36,2024-09,2024,26-35
100502,1308,Female,34,Mumbai,Books,Cookbook,1,312.27,0,2023-07-09,79.39500000000001,1,3.0,Cash On Delivery,312.27,1.0,312.27,2023-07,2023,26-35
100143,1098,Female,23,Pune,Sports,Running Shoes,1,1817.37,10,2024-06-30,134.55,4,4.0,Debit Card,1817.37,1.0,1635.63,2024-06,2024,<=25
100114,1051,Female,44,Ahmedabad,Home & Kitchen,Mixer Grinder,1,3550.15,25,2023-03-05,102.65,3,5.0,UPI,3550.15,1.0,2662.61,2023-03,2023,36-45
101086,1296,Female,36,Mumbai,Electronics,Smartphone,2,10253.36,10,2023-08-03,32.14,4,2.0,UPI,6707.506249999999,2.0,18456.05,2023-08,2023,36-45
100829,1481,Female,47,Jaipur,Beauty,Shampoo,1,717.37,0,2024-03-23,26.77,4,5.0,UPI,717.37,1.0,717.37,2024-03,2024,46-55
100379,1450,Female,41,Bangalore,Electronics,Tablet,1,10914.85,0,2023-02-21,0.0,7,4.0,Cash On Delivery,6707.506249999999,1.0,10914.85,2023-02,2023,36-45
100064,1173,Male,40,Ahmedabad,Fashion,Jacket,1,1412.36,10,2024-11-24,59.15,4,3.0,Cash On Delivery,1412.36,1.0,1271.12,2024-11,2024,36-45
100508,1489,Male,26,Delhi,Beauty,Shampoo,1,140.73,15,2023-09-07,94.1,3,4.0,Net Banking,140.73,1.0,119.62,2023-09,2023,26-35
101796,1040,Female,39,Delhi,Books,Comic,2,184.51,20,2023-12-22,69.62,8,4.0,UPI,184.51,2.0,295.22,2023-12,2023,36-45
100187,1273,Female,35,Kolkata,Books,Comic,1,418.19,25,2023-04-30,102.61,1,4.0,UPI,418.19,1.0,313.64,2023-04,2023,26-35
101026,1244,Female,33,Mumbai,Beauty,Hair Dryer,1,1153.04,0,2023-07-18,45.7,3,5.0,Cash On Delivery,1153.04,1.0,1153.04,2023-07,2023,26-35
100507,1275,Female,45,Kolkata,Home & Kitchen,Lamp,1,3704.15,15,2024-09-28,112.3,6,4.0,Debit Card,3704.15,1.0,3148.53,2024-09,2024,36-45
101514,1119,Male,39,Hyderabad,Sports,Yoga Mat,2,2941.93,0,2023-01-09,94.57,6,4.0,Credit Card,2941.93,2.0,5883.86,2023-01,2023,36-45
101359,1457,Male,19,Mumbai,Sports,Cricket Bat,1,2703.99,15,2024-09-05,107.34,5,4.0,Cash On Delivery,2703.99,1.0,2298.39,2024-09,2024,<=25
100295,1007,Male,17,Kolkata,Home & Kitchen,Mixer Grinder,4,3090.57,0,2024-11-15,27.93,4,5.0,Cash On Delivery,3090.57,3.5,12362.28,2024-11,2024,<=25
100994,1391,Other,23,Bangalore,Sports,Cricket Bat,1,2387.43,15,2024-02-26,102.16,4,5.0,UPI,2387.43,1.0,2029.32,2024-02,2024,<=25
100316,1170,Female,35,Patna,Books,Biography,1,401.12,15,2023-01-22,192.58,5,5.0,UPI,401.12,1.0,340.95,2023-01,2023,26-35
100131,1074,Female,38,Mumbai,Fashion,Sneakers,1,1495.38,20,2024-09-22,17.28,7,4.0,Net Banking,1495.38,1.0,1196.3,2024-09,2024,36-45
101462,1289,Female,29,Pune,Beauty,Hair Dryer,1,444.97,0,2024-05-29,80.73,2,1.0,Net Banking,444.97,1.0,444.97,2024-05,2024,26-35
100190,1282,Male,69,Kolkata,Sports,Football,2,2037.65,25,2023-06-15,55.89,2,5.0,Net Banking,2037.65,2.0,3056.48,2023-06,2023,56+
100028,1413,Female,52,Chennai,Books,Biography,1,366.84,5,2023-02-14,9.73,5,3.0,Credit Card,366.84,1.0,348.5,2023-02,2023,46-55
100862,1120,Male,61,Pune,Books,Comic,1,498.91,10,2023-01-29,58.03,3,4.0,Debit Card,498.91,1.0,449.02,2023-01,2023,56+
100936,1181,Female,51,Kolkata,Beauty,Perfume,1,776.79,0,2023-08-03,97.47,2,3.0,Net Banking,776.79,1.0,776.79,2023-08,2023,46-55
101169,1386,Male,26,Mumbai,Books,Cookbook,1,392.91,10,2023-06-11,102.89,4,4.0,Cash On Delivery,392.91,1.0,353.62,2023-06,2023,26-35
101242,1314,Female,37,Kolkata,Home & Kitchen,Cookware Set,1,3604.31,15,2023-03-19,125.92,9,5.0,Debit Card,3604.31,1.0,3063.66,2023-03,2023,36-45
101794,1477,Female,41,Pune,Books,Biography,1,490.01,5,2023-08-18,32.55,2,4.0,Debit Card,490.01,1.0,465.51,2023-08,2023,36-45
101471,1447,Male,34,Kolkata,Books,Textbook,1,365.82,30,2023-06-03,113.02,4,5.0,Cash On Delivery,365.82,1.0,256.07,2023-06,2023,26-35
101837,1183,Male,41,Jaipur,Fashion,T-Shirt,1,1086.25,15,2024-10-25,75.52,6,4.0,Debit Card,1086.25,1.0,923.31,2024-10,2024,36-45
101589,1146,Female,39,Patna,Beauty,Perfume,1,891.8,0,2024-06-23,124.12,6,5.0,Credit Card,891.8,1.0,891.8,2024-06,2024,36-45
101590,1041,Male,31,Pune,Electronics,Tablet,1,12502.01,20,2024-01-17,96.06,8,3.0,Credit Card,6707.506249999999,1.0,10001.61,2024-01,2024,26-35
100267,1046,Male,30,Pune,Sports,Cricket Bat,1,1427.71,0,2023-08-26,54.47,3,5.0,Debit Card,1427.71,1.0,1427.71,2023-08,2023,26-35
100899,1096,Male,49,Pune,Electronics,Laptop,1,27263.98,0,2023-03-24,81.66,4,4.0,Cash On Delivery,6707.506249999999,1.0,27263.98,2023-03,2023,46-55
101743,1039,Female,39,Jaipur,Electronics,Smartwatch,2,13819.09,0,2023-10-25,66.35,2,5.0,Net Banking,6707.506249999999,2.0,27638.18,2023-10,2023,36-45
100076,1358,Male,37,Jaipur,Books,Novel,1,319.09,10,2024-11-16,92.46,4,5.0,Credit Card,319.09,1.0,287.18,2024-11,2024,36-45
101458,1382,Male,18,Jaipur,Home & Kitchen,Lamp,1,2638.79,0,2023-09-30,45.97,4,5.0,Net Banking,2638.79,1.0,2638.79,2023-09,2023,<=25
101404,1025,Female,50,Hyderabad,Sports,Running Shoes,1,2953.85,5,2023-09-17,80.59,8,3.0,Credit Card,2953.85,1.0,2806.16,2023-09,2023,46-55
100856,1078,Male,16,Delhi,Fashion,Handbag,2,1800.64,5,2024-12-20,174.09,1,5.0,Net Banking,1800.64,2.0,3421.22,2024-12,2024,<=25
101173,1078,Female,35,Mumbai,Books,Comic,2,259.66,10,2023-06-21,49.72,4,4.0,Debit Card,259.66,2.0,467.39,2023-06,2023,26-35
100749,1490,Female,43,Pune,Sports,Yoga Mat,1,1091.5,15,2023-02-03,79.36,8,5.0,Debit Card,1091.5,1.0,927.78,2023-02,2023,36-45
100769,1141,Female,19,Chennai,Beauty,Perfume,3,1059.55,0,2024-12-30,99.18,1,4.0,UPI,1059.55,3.0,3178.65,2024-12,2024,<=25
101909,1412,Female,22,Pune,Fashion,Handbag,3,1682.22,0,2024-05-19,71.98,3,1.0,Cash On Delivery,1682.22,3.0,5046.66,2024-05,2024,<=25
101330,1135,Female,33,Bangalore,Sports,Dumbbells,1,1409.73,10,2024-09-13,56.19,2,5.0,Net Banking,1409.73,1.0,1268.76,2024-09,2024,26-35
100563,1113,Male,25,Kolkata,Books,Biography,1,450.7,5,2023-03-12,111.09,6,5.0,Credit Card,450.7,1.0,428.16,2023-03,2023,<=25
101585,1467,Male,46,Kolkata,Sports,Football,1,3603.51,20,2024-09-01,167.87,3,3.0,Credit Card,3603.51,1.0,2882.81,2024-09,2024,46-55
100181,1012,Female,35,Ahmedabad,Electronics,Headphones,1,8685.84,0,2023-09-15,54.38,4,3.0,Cash On Delivery,6707.506249999999,1.0,8685.84,2023-09,2023,26-35
101844,1052,Female,60,Bangalore,Fashion,Handbag,1,2646.84,5,2023-10-04,94.5,5,5.0,Credit Card,2646.84,1.0,2514.5,2023-10,2023,56+
100708,1127,Female,16,Pune,Books,Comic,1,390.77,10,2024-05-08,63.48,5,3.0,Credit Card,390.77,1.0,351.69,2024-05,2024,<=25
100825,1017,Female,42,Delhi,Electronics,Headphones,1,16638.35,10,2024-08-14,60.69,4,4.0,Net Banking,6707.506249999999,1.0,14974.52,2024-08,2024,36-45
100377,1150,Male,30,Jaipur,Electronics,Headphones,5,20815.31,15,2024-05-10,121.05,4,5.0,Cash On Delivery,6707.506249999999,3.5,88465.07,2024-05,2024,26-35
101346,1298,Male,31,Delhi,Electronics,Laptop,1,11110.57,10,2024-10-08,77.19,7,2.0,Net Banking,6707.506249999999,1.0,9999.51,2024-10,2024,26-35
100024,1420,Male,20,Ahmedabad,Home & Kitchen,Bedsheet,2,3358.63,5,2024-11-05,111.09,5,3.0,Credit Card,3358.63,2.0,6381.4,2024-11,2024,<=25
100347,1218,Female,32,Bangalore,Beauty,Shampoo,2,744.33,15,2024-01-12,62.24,6,3.0,Debit Card,744.33,2.0,1265.36,2024-01,2024,26-35
101664,1407,Female,26,Jaipur,Beauty,Hair Dryer,1,741.52,5,2023-11-29,34.99,5,4.0,Debit Card,741.52,1.0,704.44,2023-11,2023,26-35
101420,1256,Female,46,Mumbai,Books,Biography,1,381.23,0,2024-04-13,53.28,6,4.0,Credit Card,381.23,1.0,381.23,2024-04,2024,46-55
101744,1192,Female,29,Hyderabad,Home & Kitchen,Vacuum Cleaner,1,2912.53,20,2023-05-16,110.6,6,3.0,Credit Card,2912.53,1.0,2330.02,2023-05,2023,26-35
100009,1469,Female,42,Mumbai,Electronics,Laptop,1,12777.68,5,2024-12-01,27.09,3,5.0,Credit Card,6707.506249999999,1.0,12138.8,2024-12,2024,36-45
100229,1308,Female,31,Hyderabad,Electronics,Tablet,2,10373.5,5,2023-08-29,75.43,5,4.0,Credit Card,6707.506249999999,2.0,19709.65,2023-08,2023,26-35
100490,1499,Female,34,Kolkata,Books,Comic,4,455.63,20,2024-04-16,127.66,8,4.0,Cash On Delivery,455.63,3.5,1458.02,2024-04,2024,26-35
100214,1056,Female,31,Hyderabad,Sports,Cricket Bat,1,3564.07,10,2023-11-09,125.61,5,4.0,Debit Card,3564.07,1.0,3207.66,2023-11,2023,26-35
101031,1464,Female,73,Mumbai,Sports,Yoga Mat,2,2815.65,0,2023-07-08,90.29,5,3.0,Credit Card,2815.65,2.0,5631.3,2023-07,2023,56+
101345,1445,Male,37,Mumbai,Sports,Football,1,3365.16,15,2024-05-07,87.92,9,4.0,Debit Card,3365.16,1.0,2860.39,2024-05,2024,36-45
100450,1384,Male,42,Bangalore,Fashion,Jeans,1,1043.05,0,2023-05-28,166.14,5,5.0,Cash On Delivery,1043.05,1.0,1043.05,2023-05,2023,36-45
101207,1288,Male,35,Hyderabad,Sports,Yoga Mat,3,1391.97,25,2024-08-22,48.21,4,5.0,Debit Card,1391.97,3.0,3131.93,2024-08,2024,26-35
100016,1230,Male,46,Ahmedabad,Beauty,Perfume,1,756.14,25,2023-05-12,61.8,2,5.0,Credit Card,756.14,1.0,567.1,2023-05,2023,46-55
101497,1420,Female,16,Chennai,Home & Kitchen,Cookware Set,1,3425.0,5,2024-03-13,120.83,6,5.0,Debit Card,3425.0,1.0,3253.75,2024-03,2024,<=25
101803,1056,Female,29,Bangalore,Electronics,Headphones,1,8372.35,0,2024-10-19,64.21,1,4.0,Net Banking,6707.506249999999,1.0,8372.35,2024-10,2024,26-35
100670,1057,Male,31,Ahmedabad,Electronics,Smartphone,1,10053.55,10,2023-04-23,98.67,2,3.0,Net Banking,6707.506249999999,1.0,9048.2,2023-04,2023,26-35
101324,1007,Male,43,Bangalore,Home & Kitchen,Bedsheet,4,2477.78,0,2024-09-26,51.95,5,4.0,UPI,2477.78,3.5,9911.12,2024-09,2024,36-45
101422,1129,Other,36,Bangalore,Home & Kitchen,Bedsheet,1,3120.72,0,2023-12-25,130.37,6,5.0,Cash On Delivery,3120.72,1.0,3120.72,2023-12,2023,36-45
101617,1043,Other,53,Delhi,Sports,Cricket Bat,1,1227.14,5,2024-03-23,99.98,4,1.0,Net Banking,1227.14,1.0,1165.78,2024-03,2024,46-55
100547,1217,Male,43,Chennai,Electronics,Tablet,1,23528.61,0,2024-11-14,101.12,5,5.0,Credit Card,6707.506249999999,1.0,23528.61,2024-11,2024,36-45
101962,1447,Male,37,Ahmedabad,Sports,Running Shoes,1,1834.41,10,2024-05-08,38.97,3,3.0,Cash On Delivery,1834.41,1.0,1650.97,2024-05,2024,36-45
101595,1096,Female,42,Ahmedabad,Home & Kitchen,Cookware Set,1,3456.93,0,2023-04-04,120.87,7,5.0,Cash On Delivery,3456.93,1.0,3456.93,2023-04,2023,36-45
100355,1326,Female,33,Chennai,Sports,Yoga Mat,1,3295.32,5,2023-07-31,189.58,6,2.0,Net Banking,3295.32,1.0,3130.55,2023-07,2023,26-35
101721,1240,Male,50,Chennai,Books,Comic,1,527.35,15,2023-03-20,48.3,7,4.0,Credit Card,527.35,1.0,448.25,2023-03,2023,46-55
100208,1449,Female,22,Delhi,Fashion,Jacket,1,1854.45,10,2023-03-09,93.28,5,4.0,Debit Card,1854.45,1.0,1669.0,2023-03,2023,<=25
100755,1056,Male,35,Hyderabad,Sports,Yoga Mat,1,1597.87,5,2023-10-05,167.47,7,5.0,UPI,1597.87,1.0,1517.98,2023-10,2023,26-35
101539,1118,Female,23,Bangalore,Sports,Cricket Bat,5,2747.6,0,2023-02-22,31.62,4,3.0,Cash On Delivery,2747.6,3.5,13738.0,2023-02,2023,<=25
100417,1404,Male,32,Patna,Home & Kitchen,Bedsheet,1,2213.88,0,2024-04-17,73.62,4,2.0,Cash On Delivery,2213.88,1.0,2213.88,2024-04,2024,26-35
101447,1147,Female,21,Patna,Electronics,Tablet,1,7811.45,5,2023-06-02,85.44,4,4.0,Net Banking,6707.506249999999,1.0,7420.88,2023-06,2023,<=25
101409,1395,Male,37,Bangalore,Fashion,Handbag,1,1826.84,15,2023-07-13,115.69,7,4.0,Credit Card,1826.84,1.0,1552.81,2023-07,2023,36-45
101190,1324,Female,24,Kolkata,Sports,Yoga Mat,1,3142.2,0,2024-07-08,40.86,5,3.0,Credit Card,3142.2,1.0,3142.2,2024-07,2024,<=25
100716,1361,Male,41,Kolkata,Sports,Dumbbells,1,2397.53,0,2023-07-08,70.93,6,3.0,Net Banking,2397.53,1.0,2397.53,2023-07,2023,36-45
101115,1363,Female,23,Ahmedabad,Sports,Football,1,918.41,25,2023-01-07,52.6,1,2.0,Debit Card,918.41,1.0,688.81,2023-01,2023,<=25
101538,1125,Other,17,Mumbai,Books,Comic,1,370.16,10,2024-11-26,107.27,3,4.0,Debit Card,370.16,1.0,333.14,2024-11,2024,<=25
100537,1482,Female,48,Ahmedabad,Sports,Yoga Mat,1,1735.94,5,2023-05-03,39.56,8,5.0,Credit Card,1735.94,1.0,1649.14,2023-05,2023,46-55
100349,1004,Female,24,Patna,Fashion,Sneakers,1,1462.64,10,2023-04-13,42.19,7,2.0,Debit Card,1462.64,1.0,1316.38,2023-04,2023,<=25
101052,1474,Female,49,Chennai,Fashion,Sneakers,1,2012.23,0,2023-10-16,55.67,3,4.0,Cash On Delivery,2012.23,1.0,2012.23,2023-10,2023,46-55
100404,1461,Female,43,Bangalore,Books,Biography,1,317.42,0,2024-04-16,0.0,1,4.0,Net Banking,317.42,1.0,317.42,2024-04,2024,36-45
100363,1481,Female,17,Delhi,Books,Novel,3,252.12,20,2023-07-05,95.86,5,4.0,Cash On Delivery,252.12,3.0,605.09,2023-07,2023,<=25
100027,1053,Female,16,Delhi,Books,Comic,4,463.62,20,2024-02-27,82.1,4,3.0,Net Banking,463.62,3.5,1483.58,2024-02,2024,<=25
101734,1498,Female,35,Pune,Sports,Running Shoes,1,1093.26,15,2024-02-20,95.02,8,5.0,Debit Card,1093.26,1.0,929.27,2024-02,2024,26-35
101191,1118,Male,26,Jaipur,Beauty,Perfume,2,800.57,20,2023-11-24,69.27,3,1.0,Credit Card,800.57,2.0,1280.91,2023-11,2023,26-35
100178,1354,Female,16,Delhi,Beauty,Lipstick,1,784.57,30,2023-04-06,114.65,6,3.0,Net Banking,784.57,1.0,549.2,2023-04,2023,<=25
101957,1096,Female,43,Bangalore,Home & Kitchen,Mixer Grinder,1,2961.02,10,2024-09-09,167.41,2,5.0,Credit Card,2961.02,1.0,2664.92,2024-09,2024,36-45
101615,1289,Female,55,Jaipur,Sports,Dumbbells,1,807.57,10,2024-08-22,69.62,1,4.0,UPI,807.57,1.0,726.81,2024-08,2024,46-55
100636,1056,Male,36,Hyderabad,Electronics,Tablet,1,20707.21,5,2023-11-01,74.55,2,3.0,UPI,6707.506249999999,1.0,19671.85,2023-11,2023,36-45
100692,1083,Female,22,Jaipur,Home & Kitchen,Mixer Grinder,2,507.54,5,2023-11-05,84.72,1,3.0,Net Banking,507.54,2.0,964.33,2023-11,2023,<=25
100253,1425,Female,32,Patna,Home & Kitchen,Vacuum Cleaner,1,4461.67,10,2024-03-19,8.95,7,5.0,Credit Card,4461.67,1.0,4015.5,2024-03,2024,26-35
100415,1485,Male,31,Pune,Electronics,Tablet,1,10256.72,5,2023-01-10,25.08,4,5.0,Debit Card,6707.506249999999,1.0,9743.88,2023-01,2023,26-35
100559,1193,Female,25,Ahmedabad,Electronics,Smartwatch,1,26199.09,15,2024-07-24,111.06,4,3.0,Net Banking,6707.506249999999,1.0,22269.23,2024-07,2024,<=25
100554,1485,Female,35,Delhi,Electronics,Laptop,2,14152.9,5,2023-07-21,0.0,6,3.0,Debit Card,6707.506249999999,2.0,26890.51,2023-07,2023,26-35
100194,1060,Female,45,Pune,Electronics,Tablet,5,5507.24,20,2023-01-27,51.45,6,5.0,Credit Card,5507.24,3.5,22028.96,2023-01,2023,36-45
101569,1319,Male,25,Chennai,Beauty,Hair Dryer,2,791.53,20,2023-12-15,130.99,4,4.0,Credit Card,791.53,2.0,1266.45,2023-12,2023,<=25
100719,1353,Male,49,Mumbai,Books,Textbook,2,366.17,10,2024-02-26,182.07,2,4.0,Cash On Delivery,366.17,2.0,659.11,2024-02,2024,46-55
101048,1398,Male,18,Delhi,Fashion,Sneakers,2,1694.59,25,2023-12-08,101.49,4,3.0,Credit Card,1694.59,2.0,2541.88,2023-12,2023,<=25
100446,1438,Female,41,Pune,Home & Kitchen,Vacuum Cleaner,1,2505.45,30,2024-11-12,110.32,3,5.0,UPI,2505.45,1.0,1753.81,2024-11,2024,36-45
100805,1351,Male,35,Bangalore,Fashion,Jacket,1,1183.88,5,2024-05-29,60.89,3,5.0,UPI,1183.88,1.0,1124.69,2024-05,2024,26-35
100949,1207,Male,29,Pune,Home & Kitchen,Vacuum Cleaner,1,2441.12,15,2023-07-05,151.34,3,5.0,UPI,2441.12,1.0,2074.95,2023-07,2023,26-35
101011,1443,Male,32,Pune,Books,Novel,1,201.92,10,2024-12-15,2.5,5,4.0,Net Banking,201.92,1.0,181.73,2024-12,2024,26-35
101479,1470,Female,16,Ahmedabad,Books,Comic,1,594.48,10,2023-08-21,91.34,2,5.0,UPI,594.48,1.0,535.03,2023-08,2023,<=25
100452,1319,Male,40,Mumbai,Beauty,Shampoo,2,863.3,10,2023-05-29,102.37,2,5.0,Debit Card,863.3,2.0,1553.94,2023-05,2023,36-45
101414,1428,Female,28,Hyderabad,Electronics,Smartphone,1,9948.12,15,2024-09-01,72.96,6,4.0,Net Banking,6707.506249999999,1.0,8455.9,2024-09,2024,26-35
100465,1038,Female,33,Ahmedabad,Sports,Dumbbells,1,2577.32,10,2024-04-20,130.08,4,4.0,Debit Card,2577.32,1.0,2319.59,2024-04,2024,26-35
100702,1123,Male,29,Delhi,Fashion,Jacket,1,989.42,25,2024-04-29,125.84,5,3.0,Debit Card,989.42,1.0,742.06,2024-04,2024,26-35
100459,1420,Female,42,Mumbai,Home & Kitchen,Mixer Grinder,1,2487.49,20,2024-12-21,35.63,4,4.0,UPI,2487.49,1.0,1989.99,2024-12,2024,36-45
101390,1069,Male,49,Patna,Sports,Football,2,2492.21,0,2023-07-11,114.34,2,4.0,Credit Card,2492.21,2.0,4984.42,2023-07,2023,46-55
101117,1362,Male,43,Mumbai,Fashion,T-Shirt,2,834.58,20,2024-02-01,57.83,4,5.0,Debit Card,834.58,2.0,1335.33,2024-02,2024,36-45
100838,1352,Male,47,Hyderabad,Fashion,T-Shirt,3,1981.99,25,2023-06-17,43.71,6,4.0,Cash On Delivery,1981.99,3.0,4459.48,2023-06,2023,46-55
100763,1387,Male,37,Delhi,Fashion,T-Shirt,4,1004.71,0,2024-12-07,53.22,4,2.0,Credit Card,1004.71,3.5,4018.84,2024-12,2024,36-45
100370,1100,Female,61,Patna,Home & Kitchen,Lamp,1,2677.1,15,2023-11-17,126.65,5,2.0,UPI,2677.1,1.0,2275.54,2023-11,2023,56+
100485,1118,Female,44,Kolkata,Electronics,Laptop,5,15737.84,0,2024-03-07,93.0,3,3.0,UPI,6707.506249999999,3.5,78689.2,2024-03,2024,36-45
100722,1166,Male,46,Ahmedabad,Home & Kitchen,Mixer Grinder,1,1554.35,30,2024-12-28,95.68,5,1.0,UPI,1554.35,1.0,1088.04,2024-12,2024,46-55
101201,1233,Other,36,Ahmedabad,Fashion,Jacket,4,1826.34,0,2024-03-14,71.89,6,5.0,Credit Card,1826.34,3.5,7305.36,2024-03,2024,36-45
100308,1206,Male,34,Chennai,Sports,Yoga Mat,1,1721.76,10,2024-01-29,99.52,2,4.0,Credit Card,1721.76,1.0,1549.58,2024-01,2024,26-35
100286,1038,Female,46,Hyderabad,Electronics,Smartphone,1,24587.6,30,2024-04-25,160.53,6,5.0,Net Banking,6707.506249999999,1.0,17211.32,2024-04,2024,46-55
101919,1154,Female,47,Chennai,Fashion,Sneakers,1,2099.56,20,2024-01-18,61.05,6,3.0,Credit Card,2099.56,1.0,1679.65,2024-01,2024,46-55
101078,1185,Male,35,Bangalore,Home & Kitchen,Lamp,1,54954.76693717191,10,2024-01-05,112.59,8,2.0,UPI,6707.506249999999,1.0,49459.29,2024-01,2024,26-35
100700,1284,Female,30,Ahmedabad,Fashion,Handbag,1,734.48,25,2024-03-02,102.18,1,4.0,Credit Card,734.48,1.0,550.86,2024-03,2024,26-35
101304,1113,Female,39,Hyderabad,Electronics,Tablet,1,16268.53,15,2024-02-01,95.93,4,4.0,Debit Card,6707.506249999999,1.0,13828.25,2024-02,2024,36-45
101268,1366,Male,40,Jaipur,Sports,Dumbbells,4,2476.18,20,2023-04-02,130.49,4,4.0,Debit Card,2476.18,3.5,7923.78,2023-04,2023,36-45
100758,1040,Male,55,Hyderabad,Electronics,Smartwatch,1,12067.01,10,2024-06-09,28.28,2,4.0,Net Banking,6707.506249999999,1.0,10860.31,2024-06,2024,46-55
100888,1345,Female,53,Pune,Home & Kitchen,Mixer Grinder,1,1606.59,25,2024-01-08,131.25,8,3.0,Cash On Delivery,1606.59,1.0,1204.94,2024-01,2024,46-55
100689,1477,Female,33,Delhi,Beauty,Shampoo,1,859.11,0,2024-06-01,0.0,2,4.0,Credit Card,859.11,1.0,859.11,2024-06,2024,26-35
100685,1204,Male,35,Chennai,Beauty,Hair Dryer,1,385.23,5,2024-03-31,4.36,3,4.0,Cash On Delivery,385.23,1.0,365.97,2024-03,2024,26-35
100972,1022,Male,20,Hyderabad,Beauty,Lipstick,2,842.62,0,2023-11-22,98.33,6,3.0,Debit Card,842.62,2.0,1685.24,2023-11,2023,<=25
100839,1094,Female,28,Mumbai,Books,Biography,1,249.62,25,2024-08-08,50.49,4,4.0,Net Banking,249.62,1.0,187.22,2024-08,2024,26-35
101610,1345,Male,51,Pune,Fashion,Jacket,2,500.08,25,2024-06-01,85.47,5,5.0,Cash On Delivery,500.08,2.0,750.12,2024-06,2024,46-55
100658,1088,Female,41,Jaipur,Fashion,Sneakers,1,2019.89,5,2023-04-05,75.41,5,5.0,Cash On Delivery,2019.89,1.0,1918.9,2023-04,2023,36-45
101682,1084,Female,16,Bangalore,Sports,Running Shoes,1,2943.65,10,2023-04-11,160.21,3,5.0,UPI,2943.65,1.0,2649.29,2023-04,2023,<=25
100098,1201,Female,23,Jaipur,Books,Comic,2,226.15,20,2023-03-18,24.91,7,4.0,UPI,226.15,2.0,361.84,2023-03,2023,<=25
100807,1417,Male,46,Bangalore,Beauty,Hair Dryer,1,1167.06,0,2024-03-08,106.65,4,2.0,UPI,1167.06,1.0,1167.06,2024-03,2024,46-55
101023,1483,Male,38,Kolkata,Electronics,Laptop,1,27709.93,0,2023-12-13,98.62,6,3.0,Net Banking,6707.506249999999,1.0,27709.93,2023-12,2023,36-45
101488,1220,Male,51,Kolkata,Sports,Football,1,2499.42,15,2023-12-16,42.73,5,5.0,Net Banking,2499.42,1.0,2124.51,2023-12,2023,46-55
100140,1090,Male,40,Mumbai,Sports,Dumbbells,1,1969.81,5,2023-09-24,101.93,6,4.0,Credit Card,1969.81,1.0,1871.32,2023-09,2023,36-45
101460,1010,Male,26,Pune,Books,Novel,1,430.65,20,2024-07-02,100.96,3,2.0,Cash On Delivery,430.65,1.0,344.52,2024-07,2024,26-35
100954,1419,Female,48,Mumbai,Fashion,Handbag,1,2185.08,10,2023-10-14,113.25,6,5.0,UPI,2185.08,1.0,1966.57,2023-10,2023,46-55
100730,1346,Male,42,Hyderabad,Sports,Yoga Mat,3,1664.22,0,2024-02-25,50.58,2,2.0,UPI,1664.22,3.0,4992.66,2024-02,2024,36-45
101474,1478,Male,31,Patna,Electronics,Headphones,1,1983.03,15,2023-04-06,76.54,8,1.0,Debit Card,1983.03,1.0,1685.58,2023-04,2023,26-35
101344,1227,Male,45,Patna,Books,Biography,1,668.84,0,2023-08-31,79.39500000000001,4,2.0,Net Banking,668.84,1.0,668.84,2023-08,2023,36-45
100968,1001,Male,29,Mumbai,Books,Novel,5,214.79,15,2023-02-25,91.06,5,4.0,Net Banking,214.79,3.5,912.86,2023-02,2023,26-35
101195,1456,Male,42,Bangalore,Fashion,Jeans,1,1168.95,5,2024-12-07,73.63,6,5.0,Cash On Delivery,1168.95,1.0,1110.5,2024-12,2024,36-45
101226,1475,Female,32,Hyderabad,Books,Comic,2,204.8,15,2023-05-27,90.83,3,4.0,UPI,204.8,2.0,348.16,2023-05,2023,26-35
100129,1228,Male,16,Kolkata,Fashion,Jeans,1,2155.6,20,2024-06-12,53.12,7,1.0,UPI,2155.6,1.0,1724.48,2024-06,2024,<=25
100706,1272,Female,31,Patna,Home & Kitchen,Vacuum Cleaner,1,1063.28,10,2024-11-11,78.26,8,3.0,Debit Card,1063.28,1.0,956.95,2024-11,2024,26-35
101170,1411,Female,31,Jaipur,Books,Textbook,2,422.86,10,2024-04-24,133.93,9,4.0,Net Banking,422.86,2.0,761.15,2024-04,2024,26-35
101947,1315,Female,39,Delhi,Home & Kitchen,Bedsheet,1,2668.96,10,2023-11-26,115.43,6,4.0,UPI,2668.96,1.0,2402.06,2023-11,2023,36-45
101376,1118,Male,44,Mumbai,Fashion,T-Shirt,1,536.48,0,2024-08-31,42.44,5,4.0,Credit Card,536.48,1.0,536.48,2024-08,2024,36-45
100523,1045,Female,39,Pune,Sports,Running Shoes,2,2543.99,15,2023-09-05,2.01,4,4.0,Credit Card,2543.99,2.0,4324.78,2023-09,2023,36-45
100265,1171,Female,41,Hyderabad,Books,Biography,1,409.04,10,2024-06-22,37.06,1,1.0,Debit Card,409.04,1.0,368.14,2024-06,2024,36-45
101019,1064,Female,23,Bangalore,Books,Novel,1,509.51,25,2024-12-24,80.69,2,4.0,Net Banking,509.51,1.0,382.13,2024-12,2024,<=25
100947,1120,Male,18,Hyderabad,Fashion,Handbag,3,1119.64,25,2023-08-24,102.98,5,5.0,Debit Card,1119.64,3.0,2519.19,2023-08,2023,<=25
100664,1312,Other,51,Mumbai,Electronics,Headphones,2,14435.62,0,2023-01-13,93.52,4,5.0,Debit Card,6707.506249999999,2.0,28871.24,2023-01,2023,46-55
100632,1433,Male,49,Pune,Beauty,Shampoo,3,83.85,10,2023-05-19,88.23,6,5.0,UPI,83.85,3.0,226.4,2023-05,2023,46-55
100499,1316,Male,27,Kolkata,Home & Kitchen,Lamp,3,3301.68,5,2023-04-11,103.4,7,4.0,Credit Card,3301.68,3.0,9409.79,2023-04,2023,26-35
101772,1097,Male,39,Kolkata,Books,Cookbook,3,592.04,10,2024-04-28,35.02,4,4.0,Net Banking,592.04,3.0,1598.51,2024-04,2024,36-45
101964,1025,Male,34,Kolkata,Beauty,Lipstick,1,587.84,10,2023-01-24,72.84,5,5.0,UPI,587.84,1.0,529.06,2023-01,2023,26-35
101679,1093,Female,32,Mumbai,Sports,Cricket Bat,1,1827.73,10,2024-10-11,52.8,1,3.0,Debit Card,1827.73,1.0,1644.96,2024-10,2024,26-35
100931,1312,Other,55,Chennai,Electronics,Tablet,1,17062.3,30,2023-05-10,151.7,5,3.0,UPI,6707.506249999999,1.0,11943.61,2023-05,2023,46-55
100433,1377,Other,39,Bangalore,Fashion,T-Shirt,1,1006.73,20,2024-02-12,55.07,3,1.0,Net Banking,1006.73,1.0,805.38,2024-02,2024,36-45
101172,1129,Female,32,Pune,Fashion,Jacket,1,1303.38,15,2024-06-23,16.61,6,4.0,Debit Card,1303.38,1.0,1107.87,2024-06,2024,26-35
100818,1257,Female,48,Pune,Beauty,Shampoo,1,120.35,20,2024-11-03,98.52,2,5.0,Cash On Delivery,120.35,1.0,96.28,2024-11,2024,46-55
100069,1431,Male,41,Pune,Fashion,T-Shirt,1,1646.03,0,2024-08-19,15.21,1,4.0,Credit Card,1646.03,1.0,1646.03,2024-08,2024,36-45
100809,1339,Male,51,Kolkata,Sports,Football,1,1979.03,0,2024-12-15,158.82,3,4.0,Debit Card,1979.03,1.0,1979.03,2024-12,2024,46-55
100688,1254,Female,44,Hyderabad,Beauty,Perfume,1,187.84,0,2024-12-21,126.94,3,5.0,UPI,187.84,1.0,187.84,2024-12,2024,36-45
101282,1414,Other,44,Pune,Books,Cookbook,1,439.59,0,2024-11-06,51.63,6,5.0,Debit Card,439.59,1.0,439.59,2024-11,2024,36-45
101861,1069,Male,27,Mumbai,Sports,Cricket Bat,5,1468.85,15,2023-08-17,93.2,1,5.0,UPI,1468.85,3.5,6242.61,2023-08,2023,26-35
100574,1196,Male,26,Kolkata,Electronics,Headphones,1,22824.82,15,2024-11-02,77.48,1,4.0,UPI,6707.506249999999,1.0,19401.1,2024-11,2024,26-35
100335,1120,Male,24,Hyderabad,Sports,Running Shoes,5,1955.29,20,2024-10-10,129.08,6,5.0,Cash On Delivery,1955.29,3.5,7821.16,2024-10,2024,<=25
100339,1372,Male,35,Chennai,Beauty,Lipstick,1,314.37,5,2023-01-10,102.69,1,4.0,Cash On Delivery,314.37,1.0,298.65,2023-01,2023,26-35
101187,1079,Female,16,Mumbai,Fashion,Jacket,1,1407.45,15,2023-07-27,126.61,4,4.0,Cash On Delivery,1407.45,1.0,1196.33,2023-07,2023,<=25
100665,1356,Female,27,Ahmedabad,Electronics,Smartphone,2,10241.86,25,2024-10-25,120.63,3,4.0,Cash On Delivery,6707.506249999999,2.0,15362.79,2024-10,2024,26-35
100384,1301,Male,26,Ahmedabad,Electronics,Smartphone,2,16896.29,0,2024-09-07,26.73,2,3.0,Credit Card,6707.506249999999,2.0,33792.58,2024-09,2024,26-35
101343,1133,Female,29,Delhi,Electronics,Smartphone,1,17385.91,10,2023-07-18,143.38,7,5.0,Cash On Delivery,6707.506249999999,1.0,15647.32,2023-07,2023,26-35
100056,1053,Male,35,Jaipur,Books,Textbook,1,340.65,0,2024-01-06,59.18,6,4.0,Net Banking,340.65,1.0,340.65,2024-01,2024,26-35
101286,1050,Male,57,Pune,Beauty,Face Cream,4,951.88,0,2024-08-11,42.39,3,4.0,UPI,951.88,3.5,3807.52,2024-08,2024,56+
101309,1455,Female,32,Ahmedabad,Beauty,Shampoo,1,1034.98,25,2023-09-04,98.88,5,4.0,Cash On Delivery,1034.98,1.0,776.24,2023-09,2023,26-35
101850,1228,Male,25,Bangalore,Beauty,Hair Dryer,3,951.34,0,2024-03-02,134.07,2,5.0,UPI,951.34,3.0,2854.02,2024-03,2024,<=25
101553,1278,Female,20,Chennai,Home & Kitchen,Bedsheet,2,4406.62,0,2023-08-21,71.11,4,3.0,UPI,4406.62,2.0,8813.24,2023-08,2023,<=25
100798,1330,Male,20,Chennai,Books,Cookbook,1,596.07,15,2024-11-15,121.91,3,3.0,Credit Card,596.07,1.0,506.66,2024-11,2024,<=25
101702,1157,Male,21,Chennai,Electronics,Headphones,1,26137.74,10,2024-07-12,49.09,1,4.0,Debit Card,6707.506249999999,1.0,23523.97,2024-07,2024,<=25
100171,1266,Male,16,Ahmedabad,Electronics,Smartwatch,1,9128.89,5,2023-03-23,89.25,4,2.0,Credit Card,6707.506249999999,1.0,8672.45,2023-03,2023,<=25
100174,1279,Female,52,Patna,Sports,Dumbbells,1,2507.4,15,2023-09-20,0.0,5,4.0,Credit Card,2507.4,1.0,2131.29,2023-09,2023,46-55
100976,1361,Female,26,Patna,Beauty,Face Cream,2,147.31,5,2024-05-29,33.24,6,3.0,Debit Card,147.31,2.0,279.89,2024-05,2024,26-35
100327,1142,Female,30,Jaipur,Sports,Cricket Bat,1,1430.08,10,2024-07-20,96.18,4,3.0,Cash On Delivery,1430.08,1.0,1287.07,2024-07,2024,26-35
100504,1002,Other,26,Mumbai,Fashion,Handbag,1,1482.14,5,2024-03-09,45.19,8,5.0,Debit Card,1482.14,1.0,1408.03,2024-03,2024,26-35
101672,1490,Female,32,Chennai,Sports,Yoga Mat,1,2488.57,15,2023-04-25,115.94,6,5.0,Net Banking,2488.57,1.0,2115.28,2023-04,2023,26-35
100410,1209,Male,35,Ahmedabad,Books,Novel,5,340.79,10,2023-04-16,93.33,1,3.0,Debit Card,340.79,3.5,1533.56,2023-04,2023,26-35
101805,1409,Male,49,Kolkata,Electronics,Smartwatch,2,14602.5,0,2023-09-08,167.28,2,4.0,Credit Card,6707.506249999999,2.0,29205.0,2023-09,2023,46-55
100298,1185,Female,16,Pune,Electronics,Smartphone,1,11892.11,5,2024-09-27,28.08,6,2.0,Cash On Delivery,6707.506249999999,1.0,11297.5,2024-09,2024,<=25
101339,1014,Male,27,Chennai,Electronics,Smartphone,1,10253.3,5,2023-07-21,101.83,3,4.0,Net Banking,6707.506249999999,1.0,9740.63,2023-07,2023,26-35
100846,1013,Female,36,Hyderabad,Electronics,Laptop,2,9316.08,20,2023-01-29,84.44,8,5.0,Net Banking,6707.506249999999,2.0,14905.73,2023-01,2023,36-45
101318,1099,Female,17,Jaipur,Sports,Dumbbells,2,1672.08,30,2024-07-29,130.69,4,3.0,Credit Card,1672.08,2.0,2340.91,2024-07,2024,<=25
100857,1060,Female,34,Hyderabad,Books,Textbook,4,372.59,25,2024-03-15,124.15,4,4.0,Debit Card,372.59,3.5,1117.77,2024-03,2024,26-35
101820,1399,Female,32,Pune,Fashion,T-Shirt,1,1847.26,10,2024-08-20,148.0,2,5.0,Net Banking,1847.26,1.0,1662.53,2024-08,2024,26-35
101287,1139,Male,28,Hyderabad,Home & Kitchen,Lamp,2,4454.14,20,2023-09-03,100.46,5,5.0,Net Banking,4454.14,2.0,7126.62,2023-09,2023,26-35
100672,1211,Female,49,Jaipur,Books,Textbook,1,341.16,15,2024-07-06,104.64,8,4.0,Net Banking,341.16,1.0,289.99,2024-07,2024,46-55
100649,1018,Male,17,Kolkata,Fashion,T-Shirt,1,1289.45,5,2024-05-19,139.11,5,5.0,UPI,1289.45,1.0,1224.98,2024-05,2024,<=25
101380,1260,Male,16,Mumbai,Electronics,Tablet,2,17628.61,0,2023-06-22,47.36,4,4.0,Debit Card,6707.506249999999,2.0,35257.22,2023-06,2023,<=25
101704,1164,Female,34,Chennai,Books,Cookbook,1,587.32,20,2024-06-12,118.6,4,4.0,Credit Card,587.32,1.0,469.86,2024-06,2024,26-35
101560,1493,Male,35,Hyderabad,Sports,Yoga Mat,1,2738.29,5,2023-07-08,61.11,4,4.0,Debit Card,2738.29,1.0,2601.38,2023-07,2023,26-35
101991,1174,Female,51,Mumbai,Books,Textbook,2,287.15,15,2024-04-13,42.48,2,2.0,Cash On Delivery,287.15,2.0,488.16,2024-04,2024,46-55
100732,1018,Female,31,Pune,Sports,Dumbbells,1,815.99,15,2024-02-11,84.71,6,5.0,Debit Card,815.99,1.0,693.59,2024-02,2024,26-35
101741,1286,Female,35,Mumbai,Books,Novel,2,513.12,15,2023-02-07,113.51,4,3.0,UPI,513.12,2.0,872.3,2023-02,2023,26-35
100532,1178,Male,33,Kolkata,Home & Kitchen,Mixer Grinder,1,3340.92,30,2024-09-11,89.54,3,1.0,UPI,3340.92,1.0,2338.64,2024-09,2024,26-35
100408,1114,Male,25,Patna,Beauty,Shampoo,1,557.28,10,2024-11-30,134.33,7,4.0,Net Banking,557.28,1.0,501.55,2024-11,2024,<=25
100200,1235,Male,50,Mumbai,Fashion,Sneakers,1,1817.62,0,2024-03-02,50.46,3,4.0,Cash On Delivery,1817.62,1.0,1817.62,2024-03,2024,46-55
100474,1430,Female,28,Hyderabad,Beauty,Face Cream,1,934.35,0,2023-10-12,42.54,5,5.0,Debit Card,934.35,1.0,934.35,2023-10,2023,26-35
100906,1451,Other,45,Mumbai,Home & Kitchen,Vacuum Cleaner,1,1457.55,10,2024-12-03,14.17,3,4.0,Credit Card,1457.55,1.0,1311.8,2024-12,2024,36-45
101122,1112,Other,35,Ahmedabad,Electronics,Laptop,1,9785.53,30,2024-12-09,77.71,1,1.0,Net Banking,6707.506249999999,1.0,6849.87,2024-12,2024,26-35
100748,1395,Female,20,Patna,Home & Kitchen,Cookware Set,1,2931.07,0,2023-04-16,63.9,7,3.0,UPI,2931.07,1.0,2931.07,2023-04,2023,<=25
101316,1162,Female,29,Patna,Home & Kitchen,Lamp,2,3564.14,5,2023-08-16,54.3,4,5.0,Net Banking,3564.14,2.0,6771.87,2023-08,2023,26-35
100217,1198,Male,35,Mumbai,Beauty,Lipstick,2,974.05,25,2023-10-12,0.0,5,3.0,Cash On Delivery,974.05,2.0,1461.07,2023-10,2023,26-35
100254,1398,Male,32,Mumbai,Fashion,Handbag,1,947.7,0,2023-12-14,84.56,7,4.0,UPI,947.7,1.0,947.7,2023-12,2023,26-35
100153,1154,Female,49,Chennai,Books,Cookbook,3,302.82,0,2024-07-19,64.57,4,3.0,Net Banking,302.82,3.0,908.46,2024-07,2024,46-55
101652,1386,Male,36,Patna,Sports,Cricket Bat,1,2904.15,5,2024-02-24,99.21,5,3.0,Net Banking,2904.15,1.0,2758.94,2024-02,2024,36-45
100944,1424,Male,29,Chennai,Sports,Football,1,713.95,0,2024-02-03,80.3,3,4.0,Net Banking,713.95,1.0,713.95,2024-02,2024,26-35
100948,1090,Male,26,Patna,Sports,Football,2,2396.79,10,2024-10-29,69.24,6,4.0,Credit Card,2396.79,2.0,4314.22,2024-10,2024,26-35
101270,1279,Female,47,Pune,Sports,Cricket Bat,1,1565.11,5,2024-12-26,154.08,4,4.0,Net Banking,1565.11,1.0,1486.85,2024-12,2024,46-55
101459,1483,Male,41,Pune,Fashion,T-Shirt,2,2082.29,15,2023-04-03,62.56,3,5.0,Net Banking,2082.29,2.0,3539.89,2023-04,2023,36-45
101622,1337,Female,35,Hyderabad,Books,Cookbook,1,318.8,0,2023-06-19,72.05,8,5.0,Credit Card,318.8,1.0,318.8,2023-06,2023,26-35
100735,1151,Male,33,Chennai,Fashion,Jeans,1,1814.57,5,2024-05-11,22.89,8,4.0,Debit Card,1814.57,1.0,1723.84,2024-05,2024,26-35
101633,1320,Female,21,Mumbai,Home & Kitchen,Lamp,1,4279.24,0,2024-02-02,83.01,8,5.0,Debit Card,4279.24,1.0,4279.24,2024-02,2024,<=25
101253,1421,Female,29,Mumbai,Beauty,Lipstick,5,1051.28,25,2023-09-12,88.2,5,5.0,Net Banking,1051.28,3.5,3942.3,2023-09,2023,26-35
100531,1236,Male,16,Mumbai,Beauty,Shampoo,2,1014.39,5,2023-05-30,100.83,6,5.0,Debit Card,1014.39,2.0,1927.34,2023-05,2023,<=25
101937,1417,Other,51,Mumbai,Books,Textbook,1,371.91,5,2023-06-17,82.17,6,4.0,UPI,371.91,1.0,353.31,2023-06,2023,46-55
101267,1333,Male,60,Jaipur,Home & Kitchen,Cookware Set,2,3359.52,15,2024-01-29,51.47,5,5.0,Cash On Delivery,3359.52,2.0,5711.18,2024-01,2024,56+
100241,1282,Female,23,Mumbai,Home & Kitchen,Vacuum Cleaner,1,3868.53,10,2023-08-09,55.88,4,4.0,Net Banking,3868.53,1.0,3481.68,2023-08,2023,<=25
101997,1228,Female,25,Mumbai,Books,Biography,3,604.52,0,2023-07-22,81.46,3,1.0,Cash On Delivery,604.52,3.0,1813.56,2023-07,2023,<=25
101912,1081,Female,39,Delhi,Home & Kitchen,Vacuum Cleaner,1,3202.29,15,2023-12-29,63.82,3,3.0,Net Banking,3202.29,1.0,2721.95,2023-12,2023,36-45
100188,1164,Other,29,Chennai,Sports,Dumbbells,1,1722.16,0,2024-06-05,119.86,3,3.0,Net Banking,1722.16,1.0,1722.16,2024-06,2024,26-35
100247,1353,Female,52,Bangalore,Beauty,Perfume,1,935.86,10,2023-07-07,100.35,1,5.0,Net Banking,935.86,1.0,842.27,2023-07,2023,46-55
101184,1252,Female,31,Mumbai,Electronics,Tablet,1,12002.4,0,2023-12-02,90.17,3,5.0,UPI,6707.506249999999,1.0,12002.4,2023-12,2023,26-35
101593,1254,Male,35,Bangalore,Fashion,Jeans,1,1961.03,10,2023-07-11,57.71,3,4.0,UPI,1961.03,1.0,1764.93,2023-07,2023,26-35
101057,1299,Male,40,Delhi,Electronics,Smartwatch,1,9841.56,5,2024-06-17,108.26,3,5.0,Cash On Delivery,6707.506249999999,1.0,9349.48,2024-06,2024,36-45
100919,1237,Female,16,Bangalore,Fashion,Jacket,1,2113.85,0,2024-06-28,111.82,7,3.0,Credit Card,2113.85,1.0,2113.85,2024-06,2024,<=25
100693,1399,Male,46,Jaipur,Electronics,Headphones,4,14130.31,25,2024-01-15,6.09,2,4.0,Cash On Delivery,6707.506249999999,3.5,42390.93,2024-01,2024,46-55
100303,1262,Male,46,Mumbai,Fashion,Sneakers,1,1097.68,10,2024-02-16,57.71,7,4.0,Net Banking,1097.68,1.0,987.91,2024-02,2024,46-55
100284,1233,Male,45,Jaipur,Home & Kitchen,Lamp,2,1350.35,25,2023-08-05,79.64,1,4.0,Credit Card,1350.35,2.0,2025.52,2023-08,2023,36-45
100916,1103,Male,40,Jaipur,Home & Kitchen,Bedsheet,1,1974.35,25,2023-08-02,153.53,8,4.0,Credit Card,1974.35,1.0,1480.76,2023-08,2023,36-45
100506,1017,Female,52,Kolkata,Books,Biography,3,529.44,25,2024-01-24,64.54,5,4.0,UPI,529.44,3.0,1191.24,2024-01,2024,46-55
101951,1270,Female,16,Mumbai,Fashion,Jeans,1,1308.17,15,2023-06-11,89.82,4,3.0,Cash On Delivery,1308.17,1.0,1111.94,2023-06,2023,<=25
100322,1146,Female,45,Jaipur,Electronics,Headphones,1,18847.77,20,2024-12-30,31.51,3,4.0,Credit Card,6707.506249999999,1.0,15078.22,2024-12,2024,36-45
101868,1292,Female,44,Hyderabad,Fashion,Sneakers,5,1610.7,0,2024-02-24,13.56,3,1.0,Debit Card,1610.7,3.5,8053.5,2024-02,2024,36-45
101275,1161,Female,23,Hyderabad,Electronics,Headphones,1,16632.52,25,2023-03-24,142.91,6,4.0,Cash On Delivery,6707.506249999999,1.0,12474.39,2023-03,2023,<=25
101059,1058,Female,35,Mumbai,Fashion,Handbag,2,563.86,25,2023-01-06,30.42,1,5.0,Cash On Delivery,563.86,2.0,845.79,2023-01,2023,26-35
100622,1443,Male,16,Kolkata,Home & Kitchen,Lamp,1,4591.83,0,2024-07-07,98.39,1,5.0,Debit Card,4591.83,1.0,4591.83,2024-07,2024,<=25
101126,1268,Male,31,Bangalore,Beauty,Lipstick,1,972.57,10,2024-07-06,28.97,7,4.0,Cash On Delivery,972.57,1.0,875.31,2024-07,2024,26-35
101119,1245,Male,51,Delhi,Beauty,Perfume,1,902.37,15,2023-02-08,60.67,5,5.0,Net Banking,902.37,1.0,767.01,2023-02,2023,46-55
100123,1470,Male,49,Chennai,Beauty,Face Cream,1,642.99,15,2023-04-10,118.7,5,3.0,Credit Card,642.99,1.0,546.54,2023-04,2023,46-55
101322,1171,Female,38,Ahmedabad,Home & Kitchen,Bedsheet,1,5036.69,15,2024-09-20,40.64,8,4.0,Credit Card,5036.69,1.0,4281.19,2024-09,2024,36-45
100511,1366,Male,43,Chennai,Books,Cookbook,2,287.15,0,2024-07-25,98.21,5,4.0,Net Banking,287.15,2.0,574.3,2024-07,2024,36-45
100281,1011,Male,33,Jaipur,Home & Kitchen,Lamp,1,2924.4,15,2023-04-21,60.31,5,3.0,Credit Card,2924.4,1.0,2485.74,2023-04,2023,26-35
101269,1120,Male,36,Mumbai,Books,Cookbook,1,404.19,10,2023-07-31,130.08,5,4.0,UPI,404.19,1.0,363.77,2023-07,2023,36-45
101864,1229,Female,32,Patna,Beauty,Hair Dryer,1,781.26,15,2023-11-08,88.5,1,4.0,Cash On Delivery,781.26,1.0,664.07,2023-11,2023,26-35
101466,1480,Male,49,Delhi,Books,Novel,1,233.83,0,2023-01-26,91.23,8,2.0,Credit Card,233.83,1.0,233.83,2023-01,2023,46-55
101582,1340,Female,35,Mumbai,Books,Comic,1,444.2,5,2023-06-08,73.99,3,5.0,Net Banking,444.2,1.0,421.99,2023-06,2023,26-35
101790,1318,Female,33,Hyderabad,Beauty,Hair Dryer,1,1019.97,15,2024-06-01,60.47,4,2.0,Net Banking,1019.97,1.0,866.97,2024-06,2024,26-35
101811,1079,Male,35,Hyderabad,Home & Kitchen,Bedsheet,1,3790.36,10,2024-08-04,83.01,7,4.0,Debit Card,3790.36,1.0,3411.32,2024-08,2024,26-35
100757,1194,Female,37,Kolkata,Fashion,T-Shirt,1,1719.55,5,2023-04-08,150.32,2,4.0,Cash On Delivery,1719.55,1.0,1633.57,2023-04,2023,36-45
100678,1337,Female,50,Ahmedabad,Electronics,Smartwatch,1,18533.18,15,2023-12-15,82.58,9,4.0,Net Banking,6707.506249999999,1.0,15753.2,2023-12,2023,46-55
100519,1014,Female,37,Hyderabad,Home & Kitchen,Lamp,1,3967.4,30,2023-10-27,110.84,4,4.0,Cash On Delivery,3967.4,1.0,2777.18,2023-10,2023,36-45
101588,1073,Male,36,Mumbai,Electronics,Tablet,2,14833.08,10,2023-10-23,47.11,4,4.0,Credit Card,6707.506249999999,2.0,26699.54,2023-10,2023,36-45
101527,1056,Female,23,Mumbai,Home & Kitchen,Lamp,5,5278.21,30,2024-05-27,77.19,5,5.0,Debit Card,5278.21,3.5,18473.73,2024-05,2024,<=25
100068,1233,Male,48,Ahmedabad,Beauty,Perfume,1,380.94,0,2024-06-27,79.39500000000001,2,4.0,Debit Card,380.94,1.0,380.94,2024-06,2024,46-55
100333,1380,Male,35,Delhi,Beauty,Shampoo,1,819.64,15,2024-03-31,111.46,4,4.0,Credit Card,819.64,1.0,696.69,2024-03,2024,26-35
100569,1321,Female,29,Mumbai,Books,Textbook,4,305.15,0,2024-11-14,68.04,3,5.0,UPI,305.15,3.5,1220.6,2024-11,2024,26-35
101237,1300,Male,39,Chennai,Home & Kitchen,Mixer Grinder,4,4223.25,0,2024-06-29,117.58,3,4.0,Debit Card,4223.25,3.5,16893.0,2024-06,2024,36-45
101480,1473,Female,28,Bangalore,Electronics,Headphones,1,12756.29,5,2024-01-31,115.93,4,5.0,Net Banking,6707.506249999999,1.0,12118.48,2024-01,2024,26-35
101448,1070,Female,45,Jaipur,Fashion,Sneakers,2,1823.46,10,2024-11-11,102.88,8,5.0,Cash On Delivery,1823.46,2.0,3282.23,2024-11,2024,36-45
101045,1415,Male,46,Delhi,Electronics,Smartwatch,1,17631.25,20,2024-12-19,79.39500000000001,1,5.0,Debit Card,6707.506249999999,1.0,14105.0,2024-12,2024,46-55
100473,1380,Female,44,Pune,Home & Kitchen,Mixer Grinder,1,3614.76,0,2024-12-11,106.16,5,4.0,Debit Card,3614.76,1.0,3614.76,2024-12,2024,36-45
101289,1102,Female,39,Hyderabad,Home & Kitchen,Bedsheet,1,1793.4,5,2023-11-02,66.67,2,5.0,Cash On Delivery,1793.4,1.0,1703.73,2023-11,2023,36-45
100512,1062,Male,42,Mumbai,Books,Cookbook,1,423.3,20,2024-12-08,0.0,6,4.0,Net Banking,423.3,1.0,338.64,2024-12,2024,36-45
100478,1251,Male,47,Hyderabad,Beauty,Hair Dryer,2,1003.39,10,2023-07-25,162.39,4,2.0,Cash On Delivery,1003.39,2.0,1806.1,2023-07,2023,46-55
100922,1246,Male,22,Kolkata,Fashion,Jacket,1,2141.91,0,2023-07-14,116.57,6,5.0,Credit Card,2141.91,1.0,2141.91,2023-07,2023,<=25
101963,1101,Female,35,Delhi,Beauty,Perfume,5,656.89,10,2023-10-14,14.45,4,3.0,Net Banking,656.89,3.5,2956.0,2023-10,2023,26-35
100319,1489,Female,35,Delhi,Beauty,Shampoo,1,1001.94,10,2024-08-15,42.27,4,4.0,Credit Card,1001.94,1.0,901.75,2024-08,2024,26-35
101211,1458,Female,37,Bangalore,Books,Cookbook,1,369.26,20,2023-03-30,87.43,3,4.0,Cash On Delivery,369.26,1.0,295.41,2023-03,2023,36-45
101739,1389,Female,59,Ahmedabad,Sports,Dumbbells,1,2100.02,25,2023-11-04,88.57,4,3.0,UPI,2100.02,1.0,1575.02,2023-11,2023,56+
101029,1185,Female,30,Jaipur,Sports,Yoga Mat,1,2300.55,10,2023-10-22,24.85,5,3.0,Net Banking,2300.55,1.0,2070.5,2023-10,2023,26-35
100582,1400,Male,38,Ahmedabad,Fashion,Jacket,1,2147.22,20,2023-03-24,58.14,7,3.0,Debit Card,2147.22,1.0,1717.78,2023-03,2023,36-45
100133,1081,Male,42,Kolkata,Books,Novel,1,362.07,0,2024-03-05,89.48,4,4.0,UPI,362.07,1.0,362.07,2024-03,2024,36-45
101745,1329,Female,40,Delhi,Fashion,Handbag,1,1418.88,0,2024-07-27,104.23,6,5.0,Net Banking,1418.88,1.0,1418.88,2024-07,2024,36-45
100863,1256,Female,16,Mumbai,Electronics,Smartwatch,1,10384.74,0,2024-05-30,86.57,4,5.0,Debit Card,6707.506249999999,1.0,10384.74,2024-05,2024,<=25
101110,1205,Other,39,Pune,Home & Kitchen,Cookware Set,1,2868.01,10,2024-12-25,35.11,5,4.0,Cash On Delivery,2868.01,1.0,2581.21,2024-12,2024,36-45
101415,1007,Male,39,Ahmedabad,Books,Comic,1,236.04,30,2024-05-07,95.01,3,4.0,Credit Card,236.04,1.0,165.23,2024-05,2024,36-45
101972,1323,Male,40,Patna,Books,Novel,2,83.04,5,2023-08-30,95.01,3,4.0,UPI,83.04,2.0,157.78,2023-08,2023,36-45
100369,1233,Female,31,Chennai,Electronics,Smartwatch,1,18159.95,0,2024-06-28,54.02,2,3.0,Net Banking,6707.506249999999,1.0,18159.95,2024-06,2024,26-35
100733,1464,Female,25,Mumbai,Sports,Dumbbells,2,1753.39,5,2024-11-20,1.83,8,5.0,UPI,1753.39,2.0,3331.44,2024-11,2024,<=25
101378,1489,Female,23,Hyderabad,Electronics,Smartwatch,4,24179.91,20,2024-08-09,88.66,3,3.0,Credit Card,6707.506249999999,3.5,77375.71,2024-08,2024,<=25
100126,1194,Female,19,Delhi,Books,Novel,2,501.06,0,2024-06-11,59.72,4,4.0,UPI,501.06,2.0,1002.12,2024-06,2024,<=25
101262,1478,Male,35,Chennai,Fashion,Jacket,1,983.28,0,2023-04-10,73.92,2,1.0,Cash On Delivery,983.28,1.0,983.28,2023-04,2023,26-35
101089,1187,Male,29,Pune,Beauty,Face Cream,1,316.61,15,2024-11-02,56.58,1,1.0,Net Banking,316.61,1.0,269.12,2024-11,2024,26-35
100257,1190,Male,53,Kolkata,Sports,Dumbbells,1,2350.76,0,2023-02-25,80.43,4,4.0,Net Banking,2350.76,1.0,2350.76,2023-02,2023,46-55
101989,1087,Female,27,Jaipur,Home & Kitchen,Bedsheet,3,443.8,0,2023-07-21,48.86,9,5.0,Cash On Delivery,443.8,3.0,1331.4,2023-07,2023,26-35
101124,1437,Male,27,Kolkata,Beauty,Shampoo,1,491.0,25,2023-04-26,79.39500000000001,3,3.0,Debit Card,491.0,1.0,368.25,2023-04,2023,26-35
100290,1105,Male,50,Mumbai,Fashion,Jacket,1,1782.15,0,2024-09-14,48.31,4,3.0,Net Banking,1782.15,1.0,1782.15,2024-09,2024,46-55
101297,1445,Female,64,Patna,Fashion,T-Shirt,1,908.07,15,2023-04-12,20.19,2,4.0,Cash On Delivery,908.07,1.0,771.86,2023-04,2023,56+
100778,1093,Female,16,Pune,Beauty,Face Cream,1,775.45,15,2024-09-02,43.41,6,4.0,Credit Card,775.45,1.0,659.13,2024-09,2024,<=25
100082,1122,Female,16,Hyderabad,Fashion,Jeans,2,1383.99,25,2024-07-18,117.91,2,5.0,Cash On Delivery,1383.99,2.0,2075.98,2024-07,2024,<=25
100054,1345,Male,17,Kolkata,Beauty,Face Cream,2,873.37,15,2024-06-04,133.45,7,5.0,Cash On Delivery,873.37,2.0,1484.73,2024-06,2024,<=25
101555,1376,Male,18,Chennai,Electronics,Headphones,1,17676.11,0,2023-06-04,140.93,5,5.0,Net Banking,6707.506249999999,1.0,17676.11,2023-06,2023,<=25
101808,1471,Male,30,Mumbai,Fashion,Handbag,2,898.84,0,2024-03-16,94.09,5,4.0,Cash On Delivery,898.84,2.0,1797.68,2024-03,2024,26-35
100558,1197,Male,27,Kolkata,Sports,Cricket Bat,2,458.42,5,2024-12-10,95.59,4,4.0,Debit Card,458.42,2.0,871.0,2024-12,2024,26-35
100041,1261,Female,39,Jaipur,Electronics,Smartwatch,3,17492.16,15,2023-10-28,55.8,3,5.0,Credit Card,6707.506249999999,3.0,44605.01,2023-10,2023,36-45
101518,1374,Female,29,Jaipur,Books,Novel,2,284.96,0,2023-05-01,46.9,5,5.0,Net Banking,284.96,2.0,569.92,2023-05,2023,26-35
100262,1195,Male,23,Jaipur,Beauty,Lipstick,3,769.89,0,2023-11-09,79.39500000000001,4,5.0,Cash On Delivery,769.89,3.0,2309.67,2023-11,2023,<=25
101012,1410,Male,48,Pune,Fashion,T-Shirt,3,2337.43,5,2023-12-06,82.77,1,4.0,UPI,2337.43,3.0,6661.68,2023-12,2023,46-55
101451,1034,Female,58,Pune,Fashion,Jacket,1,1128.25,0,2023-04-18,97.55,4,5.0,Net Banking,1128.25,1.0,1128.25,2023-04,2023,56+
100084,1053,Female,24,Ahmedabad,Sports,Dumbbells,1,925.05,20,2023-01-23,143.53,3,2.0,Net Banking,925.05,1.0,740.04,2023-01,2023,<=25
101135,1022,Female,35,Hyderabad,Electronics,Laptop,1,80048.89855152564,10,2023-04-23,65.58,8,3.0,Cash On Delivery,6707.506249999999,1.0,72044.01,2023-04,2023,26-35
101228,1053,Female,33,Mumbai,Sports,Running Shoes,1,2060.51,25,2023-06-12,0.0,2,4.0,UPI,2060.51,1.0,1545.38,2023-06,2023,26-35
101703,1125,Female,25,Hyderabad,Beauty,Shampoo,1,851.38,25,2023-10-02,136.67,5,5.0,UPI,851.38,1.0,638.54,2023-10,2023,<=25
100841,1281,Male,31,Jaipur,Sports,Dumbbells,1,1687.18,10,2024-07-19,49.6,5,4.0,Credit Card,1687.18,1.0,1518.46,2024-07,2024,26-35
100031,1318,Female,43,Mumbai,Beauty,Hair Dryer,4,781.25,20,2023-10-24,105.5,3,5.0,Net Banking,781.25,3.5,2500.0,2023-10,2023,36-45
100514,1416,Male,27,Delhi,Books,Textbook,1,422.98,0,2023-06-26,26.27,8,2.0,UPI,422.98,1.0,422.98,2023-06,2023,26-35
101467,1258,Female,48,Ahmedabad,Beauty,Hair Dryer,1,451.98,30,2024-12-29,55.14,3,5.0,Debit Card,451.98,1.0,316.39,2024-12,2024,46-55
101370,1334,Female,50,Pune,Beauty,Lipstick,2,641.92,0,2024-11-08,138.49,3,4.0,Credit Card,641.92,2.0,1283.84,2024-11,2024,46-55
101840,1028,Male,45,Bangalore,Sports,Cricket Bat,1,3004.56,5,2024-11-09,143.77,3,5.0,Credit Card,3004.56,1.0,2854.33,2024-11,2024,36-45
101035,1024,Male,22,Pune,Fashion,Handbag,1,1531.83,5,2024-08-12,110.56,6,1.0,Credit Card,1531.83,1.0,1455.24,2024-08,2024,<=25
101771,1121,Male,24,Ahmedabad,Fashion,Jeans,1,966.97,0,2023-09-16,50.98,4,4.0,Credit Card,966.97,1.0,966.97,2023-09,2023,<=25
101319,1218,Male,19,Ahmedabad,Beauty,Shampoo,1,963.36,15,2024-09-23,22.77,1,5.0,UPI,963.36,1.0,818.86,2024-09,2024,<=25
101611,1480,Male,49,Chennai,Electronics,Smartwatch,3,14212.11,25,2024-04-18,53.99,8,4.0,Debit Card,6707.506249999999,3.0,31977.25,2024-04,2024,46-55
101352,1144,Female,43,Delhi,Sports,Football,2,2688.56,25,2023-03-17,16.59,8,5.0,Debit Card,2688.56,2.0,4032.84,2023-03,2023,36-45
101216,1351,Male,44,Delhi,Fashion,Sneakers,1,2077.9,20,2023-05-01,51.79,6,3.0,Cash On Delivery,2077.9,1.0,1662.32,2023-05,2023,36-45
101854,1328,Other,17,Patna,Beauty,Lipstick,2,1319.36,0,2024-11-22,51.26,5,5.0,UPI,1319.36,2.0,2638.72,2024-11,2024,<=25
101894,1185,Female,30,Patna,Home & Kitchen,Lamp,1,4425.88,5,2024-12-15,33.8,4,4.0,Cash On Delivery,4425.88,1.0,4204.59,2024-12,2024,26-35
100049,1166,Male,39,Delhi,Home & Kitchen,Mixer Grinder,2,2277.21,30,2024-11-30,44.49,7,3.0,UPI,2277.21,2.0,3188.09,2024-11,2024,36-45
101341,1389,Female,16,Bangalore,Fashion,Jacket,1,2022.36,0,2024-05-31,62.3,4,4.0,Credit Card,2022.36,1.0,2022.36,2024-05,2024,<=25
101875,1169,Female,31,Hyderabad,Sports,Football,1,1478.54,15,2023-10-17,84.3,4,2.0,Credit Card,1478.54,1.0,1256.76,2023-10,2023,26-35
100468,1485,Female,35,Chennai,Beauty,Face Cream,1,506.44,25,2023-08-29,68.19,5,4.0,Credit Card,506.44,1.0,379.83,2023-08,2023,26-35
100154,1168,Other,44,Pune,Sports,Running Shoes,1,3670.87,15,2024-04-26,127.66,3,4.0,UPI,3670.87,1.0,3120.24,2024-04,2024,36-45
101587,1037,Female,30,Mumbai,Fashion,Jeans,4,1810.38,0,2024-05-14,62.68,1,3.0,UPI,1810.38,3.5,7241.52,2024-05,2024,26-35
101895,1163,Female,35,Jaipur,Beauty,Hair Dryer,1,981.32,25,2024-09-20,36.68,3,5.0,Debit Card,981.32,1.0,735.99,2024-09,2024,26-35
100395,1203,Male,22,Chennai,Fashion,T-Shirt,1,2468.16,25,2023-06-15,70.42,4,3.0,Credit Card,2468.16,1.0,1851.12,2023-06,2023,<=25
100124,1223,Male,16,Mumbai,Fashion,T-Shirt,1,1960.19,20,2023-10-30,98.74,6,5.0,Cash On Delivery,1960.19,1.0,1568.15,2023-10,2023,<=25
100356,1463,Male,18,Mumbai,Sports,Yoga Mat,1,2064.07,0,2024-09-24,63.67,5,4.0,Cash On Delivery,2064.07,1.0,2064.07,2024-09,2024,<=25
100135,1247,Female,31,Ahmedabad,Sports,Running Shoes,2,1926.34,10,2023-11-29,171.98,5,4.0,Net Banking,1926.34,2.0,3467.41,2023-11,2023,26-35
100269,1130,Female,20,Jaipur,Fashion,Jacket,2,1245.38,25,2023-05-08,94.29,8,4.0,Net Banking,1245.38,2.0,1868.07,2023-05,2023,<=25
100386,1235,Female,22,Kolkata,Electronics,Laptop,1,17152.16,25,2024-10-16,128.18,5,4.0,Debit Card,6707.506249999999,1.0,12864.12,2024-10,2024,<=25
100610,1299,Male,35,Jaipur,Home & Kitchen,Lamp,1,3039.61,0,2024-12-07,128.58,3,4.0,Credit Card,3039.61,1.0,3039.61,2024-12,2024,26-35
100221,1249,Male,38,Mumbai,Home & Kitchen,Bedsheet,1,1782.17,10,2024-09-12,103.55,4,5.0,UPI,1782.17,1.0,1603.95,2024-09,2024,36-45
100042,1295,Female,32,Kolkata,Books,Biography,4,450.67,5,2023-11-02,122.69,4,5.0,UPI,450.67,3.5,1712.55,2023-11,2023,26-35
100220,1029,Female,16,Ahmedabad,Home & Kitchen,Cookware Set,4,3718.24,10,2023-05-20,124.92,4,5.0,Net Banking,3718.24,3.5,13385.66,2023-05,2023,<=25
100598,1169,Male,27,Bangalore,Beauty,Face Cream,1,874.32,10,2023-09-28,118.8,4,2.0,Debit Card,874.32,1.0,786.89,2023-09,2023,26-35
101272,1148,Female,40,Chennai,Beauty,Face Cream,2,790.24,5,2024-07-19,69.28,7,3.0,Cash On Delivery,790.24,2.0,1501.46,2024-07,2024,36-45
101261,1119,Female,37,Ahmedabad,Fashion,T-Shirt,1,1243.02,20,2023-04-26,124.53,1,5.0,Debit Card,1243.02,1.0,994.42,2023-04,2023,36-45
100681,1230,Male,30,Jaipur,Fashion,Handbag,1,1852.53,10,2023-07-17,129.42,4,5.0,Credit Card,1852.53,1.0,1667.28,2023-07,2023,26-35
101096,1210,Female,16,Patna,Electronics,Smartphone,1,15839.64,10,2024-06-07,121.3,4,1.0,Net Banking,6707.506249999999,1.0,14255.68,2024-06,2024,<=25
101928,1495,Female,47,Kolkata,Sports,Football,1,2037.62,5,2024-07-09,115.76,7,5.0,Debit Card,2037.62,1.0,1935.74,2024-07,2024,46-55
101133,1201,Male,41,Delhi,Electronics,Laptop,1,15126.3,25,2024-11-10,68.45,3,4.0,UPI,6707.506249999999,1.0,11344.72,2024-11,2024,36-45
100542,1489,Male,48,Chennai,Books,Comic,2,567.88,10,2023-02-22,61.31,5,2.0,Credit Card,567.88,2.0,1022.18,2023-02,2023,46-55
101063,1439,Male,39,Hyderabad,Books,Novel,1,657.91,25,2024-07-13,92.31,7,5.0,Credit Card,657.91,1.0,493.43,2024-07,2024,36-45
100869,1070,Male,24,Delhi,Books,Textbook,2,325.17,25,2024-10-10,70.84,1,3.0,Net Banking,325.17,2.0,487.76,2024-10,2024,<=25
101382,1463,Female,28,Pune,Fashion,T-Shirt,1,1861.75,5,2024-08-24,112.36,4,5.0,Credit Card,1861.75,1.0,1768.66,2024-08,2024,26-35
101902,1406,Female,53,Jaipur,Electronics,Headphones,4,20542.63,10,2023-07-07,110.83,3,4.0,Cash On Delivery,6707.506249999999,3.5,73953.47,2023-07,2023,46-55
101490,1462,Female,16,Patna,Fashion,Jacket,1,2154.41,10,2023-03-08,115.22,4,5.0,Net Banking,2154.41,1.0,1938.97,2023-03,2023,<=25
100937,1472,Male,46,Chennai,Home & Kitchen,Lamp,2,3204.75,20,2023-02-18,72.14,10,4.0,Debit Card,3204.75,2.0,5127.6,2023-02,2023,46-55
101306,1117,Male,32,Patna,Home & Kitchen,Mixer Grinder,2,2616.81,10,2023-12-11,59.71,3,5.0,Cash On Delivery,2616.81,2.0,4710.26,2023-12,2023,26-35
101017,1322,Male,24,Hyderabad,Fashion,Jeans,4,1719.51,0,2023-09-11,142.18,4,2.0,Credit Card,1719.51,3.5,6878.04,2023-09,2023,<=25
101105,1223,Male,36,Hyderabad,Books,Comic,1,207.04,10,2024-01-22,93.45,6,2.0,Net Banking,207.04,1.0,186.34,2024-01,2024,36-45
101596,1411,Female,32,Pune,Books,Comic,1,518.08,20,2024-11-29,52.61,8,5.0,UPI,518.08,1.0,414.46,2024-11,2024,26-35
101843,1450,Female,34,Ahmedabad,Home & Kitchen,Mixer Grinder,2,2918.61,10,2023-01-14,135.84,5,3.0,UPI,2918.61,2.0,5253.5,2023-01,2023,26-35
101807,1483,Male,34,Mumbai,Home & Kitchen,Mixer Grinder,1,2167.25,5,2024-09-02,17.5,5,3.0,Net Banking,2167.25,1.0,2058.89,2024-09,2024,26-35
101372,1146,Female,24,Hyderabad,Sports,Football,1,2014.49,15,2023-01-26,82.62,3,4.0,Net Banking,2014.49,1.0,1712.32,2023-01,2023,<=25
101842,1123,Female,65,Hyderabad,Electronics,Smartwatch,1,14421.23,25,2024-03-07,66.06,5,4.0,Net Banking,6707.506249999999,1.0,10815.92,2024-03,2024,56+
101856,1358,Male,54,Kolkata,Beauty,Shampoo,1,728.26,10,2024-12-18,46.77,6,4.0,Credit Card,728.26,1.0,655.43,2024-12,2024,46-55
101676,1306,Male,35,Delhi,Home & Kitchen,Cookware Set,1,2078.46,0,2023-12-19,111.3,5,4.0,Credit Card,2078.46,1.0,2078.46,2023-12,2023,26-35
100934,1485,Female,42,Ahmedabad,Beauty,Perfume,1,498.16,10,2023-07-09,51.4,6,5.0,UPI,498.16,1.0,448.34,2023-07,2023,36-45
100337,1050,Female,31,Pune,Home & Kitchen,Bedsheet,1,4494.25,30,2023-06-10,137.18,5,4.0,Debit Card,4494.25,1.0,3145.98,2023-06,2023,26-35
100233,1079,Female,56,Hyderabad,Books,Novel,1,476.09,20,2023-09-17,107.3,4,4.0,Credit Card,476.09,1.0,380.87,2023-09,2023,56+
101918,1344,Female,42,Patna,Home & Kitchen,Cookware Set,2,3527.13,5,2024-10-10,47.2,7,3.0,Debit Card,3527.13,2.0,6701.55,2024-10,2024,36-45
101900,1468,Female,34,Mumbai,Home & Kitchen,Mixer Grinder,2,1248.5,0,2024-12-22,8.05,4,5.0,Credit Card,1248.5,2.0,2497.0,2024-12,2024,26-35
100159,1029,Female,33,Patna,Fashion,Handbag,3,1566.46,5,2024-08-27,79.39500000000001,7,4.0,Credit Card,1566.46,3.0,4464.41,2024-08,2024,26-35
100469,1372,Female,49,Hyderabad,Electronics,Smartwatch,4,14743.57,10,2023-07-15,81.56,5,4.0,Debit Card,6707.506249999999,3.5,53076.85,2023-07,2023,46-55
100900,1328,Male,29,Hyderabad,Books,Textbook,5,654.0,5,2024-04-28,4.75,6,5.0,Net Banking,654.0,3.5,3106.5,2024-04,2024,26-35
100873,1264,Female,35,Delhi,Books,Comic,2,433.72,5,2023-06-15,44.57,5,4.0,Cash On Delivery,433.72,2.0,824.07,2023-06,2023,26-35
101638,1171,Male,54,Bangalore,Books,Textbook,2,288.03,15,2023-09-12,118.34,5,4.0,Net Banking,288.03,2.0,489.65,2023-09,2023,46-55
101047,1170,Female,16,Kolkata,Electronics,Tablet,1,15206.39,30,2024-04-09,127.95,4,4.0,Credit Card,6707.506249999999,1.0,10644.47,2024-04,2024,<=25
101065,1487,Female,50,Pune,Sports,Yoga Mat,2,1659.45,10,2024-08-26,133.32,6,5.0,Net Banking,1659.45,2.0,2987.01,2024-08,2024,46-55
101140,1365,Female,32,Chennai,Sports,Dumbbells,1,2907.18,15,2024-07-29,23.18,1,5.0,Cash On Delivery,2907.18,1.0,2471.1,2024-07,2024,26-35
100586,1006,Male,65,Hyderabad,Home & Kitchen,Cookware Set,2,2542.82,0,2023-08-26,86.59,4,4.0,Cash On Delivery,2542.82,2.0,5085.64,2023-08,2023,56+
100206,1049,Male,61,Chennai,Sports,Football,1,2339.56,5,2024-05-29,43.06,2,5.0,Net Banking,2339.56,1.0,2222.58,2024-05,2024,56+
100004,1452,Male,48,Patna,Home & Kitchen,Mixer Grinder,1,2117.84,15,2024-11-17,101.73,3,5.0,UPI,2117.84,1.0,1800.16,2024-11,2024,46-55
101442,1495,Female,41,Bangalore,Sports,Dumbbells,2,1765.05,10,2024-11-16,129.44,3,5.0,Credit Card,1765.05,2.0,3177.09,2024-11,2024,36-45
101956,1470,Female,44,Pune,Home & Kitchen,Bedsheet,1,3234.56,20,2023-07-13,7.4,7,3.0,Cash On Delivery,3234.56,1.0,2587.65,2023-07,2023,36-45
101519,1252,Female,19,Mumbai,Beauty,Lipstick,1,779.69,5,2023-10-27,74.97,4,3.0,Cash On Delivery,779.69,1.0,740.71,2023-10,2023,<=25
101865,1434,Female,33,Chennai,Books,Textbook,1,288.68,30,2023-05-20,29.29,4,5.0,Debit Card,288.68,1.0,202.08,2023-05,2023,26-35
101234,1273,Female,16,Ahmedabad,Electronics,Smartphone,5,11136.36,10,2024-03-23,41.55,4,3.0,Debit Card,6707.506249999999,3.5,50113.62,2024-03,2024,<=25
101430,1245,Male,32,Jaipur,Fashion,Handbag,4,1370.69,25,2024-10-26,39.3,1,5.0,Net Banking,1370.69,3.5,4112.07,2024-10,2024,26-35
100694,1262,Male,28,Ahmedabad,Sports,Cricket Bat,1,2655.28,5,2023-02-02,55.6,5,3.0,Credit Card,2655.28,1.0,2522.52,2023-02,2023,26-35
101693,1475,Male,32,Mumbai,Beauty,Perfume,4,269.17,0,2024-05-28,37.66,6,5.0,Credit Card,269.17,3.5,1076.68,2024-05,2024,26-35
101896,1350,Female,39,Mumbai,Electronics,Headphones,2,16593.14,30,2024-10-04,50.05,4,4.0,Cash On Delivery,6707.506249999999,2.0,23230.4,2024-10,2024,36-45
100715,1359,Male,42,Ahmedabad,Fashion,Sneakers,1,1346.35,20,2024-11-18,140.27,3,3.0,UPI,1346.35,1.0,1077.08,2024-11,2024,36-45
101932,1087,Female,49,Bangalore,Sports,Cricket Bat,2,1214.56,30,2024-10-04,19.66,1,2.0,Credit Card,1214.56,2.0,1700.38,2024-10,2024,46-55
101612,1050,Female,29,Delhi,Beauty,Lipstick,1,677.06,10,2023-08-15,75.95,2,5.0,Credit Card,677.06,1.0,609.35,2023-08,2023,26-35
101822,1007,Female,29,Ahmedabad,Electronics,Tablet,1,8532.28,15,2024-12-16,114.9,4,5.0,Cash On Delivery,6707.506249999999,1.0,7252.44,2024-12,2024,26-35
100884,1219,Male,19,Bangalore,Sports,Running Shoes,1,536.24,0,2024-09-11,116.9,1,1.0,Credit Card,536.24,1.0,536.24,2024-09,2024,<=25
101862,1257,Female,29,Pune,Sports,Dumbbells,4,50.0,15,2024-09-01,180.21,4,4.0,UPI,50.0,3.5,170.0,2024-09,2024,26-35
101073,1288,Male,31,Jaipur,Sports,Running Shoes,2,1313.47,0,2023-07-08,91.82,4,3.0,UPI,1313.47,2.0,2626.94,2023-07,2023,26-35
101127,1411,Female,61,Delhi,Books,Textbook,1,477.06,25,2024-09-08,79.98,5,4.0,Debit Card,477.06,1.0,357.8,2024-09,2024,56+
101308,1247,Female,30,Ahmedabad,Home & Kitchen,Lamp,1,1099.83,10,2023-02-06,0.0,3,4.0,Cash On Delivery,1099.83,1.0,989.85,2023-02,2023,26-35
101075,1447,Male,17,Ahmedabad,Fashion,Handbag,3,2110.5,5,2023-09-14,108.63,5,5.0,Cash On Delivery,2110.5,3.0,6014.92,2023-09,2023,<=25
100158,1170,Female,36,Jaipur,Home & Kitchen,Lamp,1,3248.67,10,2023-02-14,121.0,4,5.0,Net Banking,3248.67,1.0,2923.8,2023-02,2023,36-45
101283,1056,Female,37,Hyderabad,Home & Kitchen,Bedsheet,2,4487.42,30,2023-01-28,22.81,5,4.0,UPI,4487.42,2.0,6282.39,2023-01,2023,36-45
100524,1330,Female,37,Chennai,Beauty,Perfume,1,880.13,20,2024-06-21,72.55,3,5.0,UPI,880.13,1.0,704.1,2024-06,2024,36-45
100463,1398,Male,16,Chennai,Electronics,Laptop,4,17229.59,5,2024-11-09,29.16,2,5.0,Credit Card,6707.506249999999,3.5,65472.44,2024-11,2024,<=25
100653,1479,Male,45,Patna,Beauty,Perfume,2,1531.11,5,2024-01-22,122.44,3,4.0,Net Banking,1531.11,2.0,2909.11,2024-01,2024,36-45
100161,1469,Male,45,Pune,Fashion,Sneakers,2,1400.48,5,2023-11-05,139.1,6,4.0,Credit Card,1400.48,2.0,2660.91,2023-11,2023,36-45
100306,1258,Female,29,Bangalore,Books,Comic,1,490.67,0,2023-10-17,114.53,4,5.0,Net Banking,490.67,1.0,490.67,2023-10,2023,26-35
100657,1422,Female,32,Pune,Home & Kitchen,Lamp,2,4301.12,15,2023-02-06,72.54,4,5.0,Credit Card,4301.12,2.0,7311.9,2023-02,2023,26-35
100548,1370,Male,31,Hyderabad,Books,Biography,2,639.03,10,2024-08-02,41.71,4,5.0,Debit Card,639.03,2.0,1150.25,2024-08,2024,26-35
100714,1177,Female,48,Mumbai,Electronics,Headphones,5,7670.48,0,2024-05-23,0.0,4,5.0,UPI,6707.506249999999,3.5,38352.4,2024-05,2024,46-55
100396,1108,Female,44,Kolkata,Beauty,Perfume,2,685.1,10,2024-01-28,74.78,5,5.0,Debit Card,685.1,2.0,1233.18,2024-01,2024,36-45
100784,1114,Female,53,Hyderabad,Fashion,T-Shirt,2,642.6,25,2023-11-24,81.19,4,3.0,Debit Card,642.6,2.0,963.9,2023-11,2023,46-55
100400,1284,Male,29,Mumbai,Books,Cookbook,2,466.08,5,2024-06-28,32.32,8,3.0,UPI,466.08,2.0,885.55,2024-06,2024,26-35
100799,1177,Female,38,Mumbai,Electronics,Headphones,1,19621.61,20,2023-05-09,99.97,4,3.0,Cash On Delivery,6707.506249999999,1.0,15697.29,2023-05,2023,36-45
100619,1232,Male,16,Kolkata,Sports,Dumbbells,1,1239.58,0,2023-08-31,97.56,2,4.0,Debit Card,1239.58,1.0,1239.58,2023-08,2023,<=25
101732,1378,Other,36,Patna,Electronics,Laptop,1,23632.63,10,2023-02-08,90.87,5,5.0,Cash On Delivery,6707.506249999999,1.0,21269.37,2023-02,2023,36-45
100509,1119,Male,29,Kolkata,Electronics,Smartphone,1,9274.04,5,2023-03-20,59.46,2,4.0,Net Banking,6707.506249999999,1.0,8810.34,2023-03,2023,26-35
101391,1062,Female,48,Delhi,Beauty,Lipstick,1,854.15,5,2023-03-12,45.81,5,5.0,Cash On Delivery,854.15,1.0,811.44,2023-03,2023,46-55
100737,1379,Male,32,Bangalore,Beauty,Lipstick,1,570.35,5,2023-10-23,69.3,6,3.0,Net Banking,570.35,1.0,541.83,2023-10,2023,26-35
101159,1317,Female,45,Mumbai,Sports,Cricket Bat,1,50.0,10,2024-01-11,35.04,4,4.0,Cash On Delivery,50.0,1.0,45.0,2024-01,2024,36-45
101696,1460,Female,33,Chennai,Fashion,Handbag,1,2078.37,25,2024-09-27,49.24,2,5.0,Net Banking,2078.37,1.0,1558.78,2024-09,2024,26-35
101085,1466,Male,35,Bangalore,Beauty,Perfume,1,840.32,15,2024-06-29,18.25,1,4.0,Cash On Delivery,840.32,1.0,714.27,2024-06,2024,26-35
100868,1284,Female,31,Jaipur,Beauty,Hair Dryer,4,369.07,15,2024-10-03,182.74,3,4.0,Net Banking,369.07,3.5,1254.84,2024-10,2024,26-35
100460,1008,Male,46,Pune,Electronics,Tablet,1,12656.58,15,2024-03-18,125.07,3,3.0,Cash On Delivery,6707.506249999999,1.0,10758.09,2024-03,2024,46-55
100971,1275,Female,48,Mumbai,Beauty,Hair Dryer,3,1028.59,25,2024-03-18,47.37,1,5.0,Credit Card,1028.59,3.0,2314.33,2024-03,2024,46-55
100063,1193,Male,40,Bangalore,Fashion,Sneakers,1,153.51,15,2023-01-19,27.33,6,3.0,Debit Card,153.51,1.0,130.48,2023-01,2023,36-45
101851,1172,Male,38,Ahmedabad,Electronics,Tablet,1,8531.15,5,2024-05-02,124.79,6,4.0,Debit Card,6707.506249999999,1.0,8104.59,2024-05,2024,36-45
100872,1444,Male,23,Ahmedabad,Electronics,Headphones,3,10889.33,5,2024-04-09,88.6,4,5.0,Debit Card,6707.506249999999,3.0,31034.59,2024-04,2024,<=25
100993,1360,Other,18,Ahmedabad,Home & Kitchen,Mixer Grinder,1,3681.71,5,2023-01-28,30.05,8,5.0,Cash On Delivery,3681.71,1.0,3497.62,2023-01,2023,<=25
101603,1044,Female,26,Bangalore,Fashion,T-Shirt,1,1181.48,25,2024-08-10,46.09,1,3.0,Debit Card,1181.48,1.0,886.11,2024-08,2024,26-35
100458,1120,Male,48,Chennai,Fashion,Sneakers,5,1459.34,0,2023-10-18,83.2,1,5.0,UPI,1459.34,3.5,7296.7,2023-10,2023,46-55
100973,1037,Female,22,Patna,Home & Kitchen,Lamp,1,2572.46,15,2024-03-12,137.18,3,3.0,Debit Card,2572.46,1.0,2186.59,2024-03,2024,<=25
100479,1369,Female,27,Chennai,Beauty,Perfume,1,777.64,30,2024-03-03,36.91,5,4.0,Debit Card,777.64,1.0,544.35,2024-03,2024,26-35
101494,1352,Female,35,Bangalore,Beauty,Face Cream,1,784.1,0,2024-12-15,31.99,6,3.0,UPI,784.1,1.0,784.1,2024-12,2024,26-35
101536,1369,Male,29,Delhi,Sports,Yoga Mat,3,1906.8,5,2023-04-07,142.6,6,4.0,UPI,1906.8,3.0,5434.38,2023-04,2023,26-35
100871,1414,Male,32,Pune,Books,Novel,1,236.43,10,2023-01-22,33.6,2,5.0,UPI,236.43,1.0,212.79,2023-01,2023,26-35
100791,1163,Male,37,Mumbai,Home & Kitchen,Mixer Grinder,1,2679.23,10,2023-01-11,65.9,6,4.0,Credit Card,2679.23,1.0,2411.31,2023-01,2023,36-45
100618,1047,Male,27,Pune,Sports,Yoga Mat,1,3704.34,0,2023-10-12,103.2,1,5.0,Cash On Delivery,3704.34,1.0,3704.34,2023-10,2023,26-35
101879,1301,Female,27,Delhi,Electronics,Headphones,4,15509.25,10,2024-05-28,0.5,4,4.0,Credit Card,6707.506249999999,3.5,55833.3,2024-05,2024,26-35
101397,1272,Male,16,Ahmedabad,Home & Kitchen,Cookware Set,2,3352.24,0,2023-07-01,79.39500000000001,6,5.0,Cash On Delivery,3352.24,2.0,6704.48,2023-07,2023,<=25
101436,1117,Female,16,Delhi,Books,Novel,1,447.49,15,2024-07-06,112.25,3,5.0,Credit Card,447.49,1.0,380.37,2024-07,2024,<=25
101708,1200,Male,42,Chennai,Books,Textbook,1,528.15,20,2023-01-08,74.43,6,1.0,Cash On Delivery,528.15,1.0,422.52,2023-01,2023,36-45
101645,1434,Male,16,Delhi,Beauty,Face Cream,2,756.46,10,2024-06-01,98.51,5,3.0,Cash On Delivery,756.46,2.0,1361.63,2024-06,2024,<=25
100348,1468,Male,49,Patna,Fashion,Jeans,1,1734.22,15,2023-11-14,26.24,5,5.0,Credit Card,1734.22,1.0,1474.09,2023-11,2023,46-55
101088,1105,Male,28,Delhi,Sports,Cricket Bat,3,1203.74,5,2023-12-22,130.99,7,4.0,UPI,1203.74,3.0,3430.66,2023-12,2023,26-35
101995,1199,Male,41,Bangalore,Books,Comic,1,505.53,25,2023-02-03,27.16,6,3.0,Cash On Delivery,505.53,1.0,379.15,2023-02,2023,36-45
100979,1303,Female,25,Jaipur,Sports,Football,1,1892.69,10,2023-04-08,34.72,5,3.0,Net Banking,1892.69,1.0,1703.42,2023-04,2023,<=25
100761,1326,Male,45,Jaipur,Beauty,Shampoo,4,961.33,10,2023-05-09,98.09,4,4.0,Credit Card,961.33,3.5,3460.79,2023-05,2023,36-45
100955,1196,Male,28,Kolkata,Fashion,Jacket,1,1715.37,10,2023-05-07,60.79,8,5.0,UPI,1715.37,1.0,1543.83,2023-05,2023,26-35
100447,1400,Female,16,Mumbai,Fashion,Jacket,5,477.66,0,2024-11-15,79.39500000000001,1,4.0,Debit Card,477.66,3.5,2388.3,2024-11,2024,<=25
100651,1448,Female,35,Mumbai,Books,Textbook,1,335.65,20,2024-09-26,123.93,2,3.0,Credit Card,335.65,1.0,268.52,2024-09,2024,26-35
101252,1101,Male,38,Patna,Beauty,Hair Dryer,1,901.05,0,2024-12-02,61.43,9,5.0,Debit Card,901.05,1.0,901.05,2024-12,2024,36-45
101818,1198,Male,41,Ahmedabad,Electronics,Headphones,1,15541.61,20,2023-11-09,124.74,5,4.0,Credit Card,6707.506249999999,1.0,12433.29,2023-11,2023,36-45
100380,1457,Male,41,Pune,Beauty,Lipstick,1,953.19,5,2023-02-18,79.39500000000001,3,3.0,UPI,953.19,1.0,905.53,2023-02,2023,36-45
100565,1087,Male,28,Ahmedabad,Fashion,Jeans,3,1661.39,15,2024-08-25,132.2,3,5.0,Credit Card,1661.39,3.0,4236.54,2024-08,2024,26-35
101351,1201,Female,23,Mumbai,Beauty,Lipstick,1,677.04,15,2024-09-24,79.39500000000001,4,4.0,Debit Card,677.04,1.0,575.48,2024-09,2024,<=25
101762,1066,Female,35,Delhi,Home & Kitchen,Lamp,1,4240.47,0,2024-10-02,79.39500000000001,4,4.0,Cash On Delivery,4240.47,1.0,4240.47,2024-10,2024,26-35
101298,1377,Male,41,Pune,Home & Kitchen,Lamp,1,2269.43,5,2024-09-15,47.74,3,4.0,Credit Card,2269.43,1.0,2155.96,2024-09,2024,36-45
100957,1125,Female,33,Ahmedabad,Fashion,Handbag,1,1281.28,0,2023-12-29,47.94,3,5.0,Debit Card,1281.28,1.0,1281.28,2023-12,2023,26-35
101942,1075,Male,38,Hyderabad,Home & Kitchen,Cookware Set,1,3860.24,0,2023-09-22,15.82,5,1.0,Credit Card,3860.24,1.0,3860.24,2023-09,2023,36-45
100987,1050,Male,58,Chennai,Books,Cookbook,1,500.74,25,2024-12-11,61.52,2,4.0,UPI,500.74,1.0,375.56,2024-12,2024,56+
100921,1390,Female,30,Hyderabad,Beauty,Lipstick,1,1152.74,10,2023-11-05,74.07,3,1.0,Debit Card,1152.74,1.0,1037.47,2023-11,2023,26-35
100232,1338,Male,27,Hyderabad,Sports,Yoga Mat,5,2151.34,0,2024-04-25,80.44,7,4.0,UPI,2151.34,3.5,10756.7,2024-04,2024,26-35
101227,1447,Female,65,Mumbai,Books,Cookbook,1,359.62,15,2024-12-09,111.46,3,3.0,Net Banking,359.62,1.0,305.68,2024-12,2024,56+
100383,1230,Female,30,Chennai,Books,Comic,1,142.25,15,2023-11-04,10.67,4,3.0,Debit Card,142.25,1.0,120.91,2023-11,2023,26-35
100655,1146,Female,42,Ahmedabad,Beauty,Face Cream,3,544.55,15,2023-09-15,74.6,6,4.0,Credit Card,544.55,3.0,1388.6,2023-09,2023,36-45
101229,1091,Male,57,Mumbai,Home & Kitchen,Mixer Grinder,1,2357.84,10,2024-12-02,198.33,3,4.0,Net Banking,2357.84,1.0,2122.06,2024-12,2024,56+
100073,1118,Male,21,Mumbai,Electronics,Smartphone,5,15317.03,0,2024-11-05,151.9,6,2.0,Credit Card,6707.506249999999,3.5,76585.15,2024-11,2024,<=25
100071,1278,Female,56,Kolkata,Electronics,Laptop,1,10165.54,20,2023-03-24,129.99,6,4.0,Net Banking,6707.506249999999,1.0,8132.43,2023-03,2023,56+
101349,1225,Female,45,Kolkata,Fashion,Jacket,1,785.13,5,2024-11-21,15.76,5,4.0,Net Banking,785.13,1.0,745.87,2024-11,2024,36-45
101099,1127,Other,49,Chennai,Home & Kitchen,Bedsheet,1,2725.44,5,2023-06-16,47.84,7,4.0,Debit Card,2725.44,1.0,2589.17,2023-06,2023,46-55
100172,1005,Female,32,Delhi,Electronics,Tablet,1,17065.23,10,2024-05-07,136.5,7,4.0,UPI,6707.506249999999,1.0,15358.71,2024-05,2024,26-35
101685,1454,Female,35,Delhi,Electronics,Smartphone,1,12394.73,15,2024-06-23,110.32,5,3.0,UPI,6707.506249999999,1.0,10535.52,2024-06,2024,26-35
100169,1200,Male,42,Jaipur,Sports,Running Shoes,1,2471.66,30,2023-11-24,70.94,6,4.0,Cash On Delivery,2471.66,1.0,1730.16,2023-11,2023,36-45
100494,1159,Female,37,Ahmedabad,Books,Biography,1,117.45,0,2024-03-17,137.36,6,2.0,Cash On Delivery,117.45,1.0,117.45,2024-03,2024,36-45
101654,1030,Female,21,Patna,Sports,Cricket Bat,1,1654.89,15,2023-08-17,97.35,3,4.0,Net Banking,1654.89,1.0,1406.66,2023-08,2023,<=25
101121,1274,Male,36,Jaipur,Beauty,Face Cream,1,678.1,10,2023-03-25,48.38,5,5.0,Credit Card,678.1,1.0,610.29,2023-03,2023,36-45
101616,1030,Female,46,Bangalore,Sports,Cricket Bat,76,1267.2,5,2023-10-15,79.45,4,4.0,Cash On Delivery,1267.2,3.5,91491.84,2023-10,2023,46-55
100894,1173,Female,34,Bangalore,Beauty,Lipstick,1,1154.54,20,2024-01-05,25.26,7,4.0,Debit Card,1154.54,1.0,923.63,2024-01,2024,26-35
100273,1124,Male,31,Delhi,Home & Kitchen,Lamp,1,765.42,5,2023-10-30,87.37,8,4.0,Credit Card,765.42,1.0,727.15,2023-10,2023,26-35
101310,1495,Female,30,Chennai,Beauty,Face Cream,1,506.8,5,2024-02-24,100.36,3,4.0,Credit Card,506.8,1.0,481.46,2024-02,2024,26-35
100421,1496,Male,26,Chennai,Sports,Running Shoes,1,3246.73,10,2023-03-18,111.66,2,5.0,UPI,3246.73,1.0,2922.06,2023-03,2023,26-35
100095,1469,Male,22,Ahmedabad,Fashion,T-Shirt,1,1356.23,5,2023-07-25,92.64,5,4.0,Net Banking,1356.23,1.0,1288.42,2023-07,2023,<=25
101383,1236,Male,28,Hyderabad,Electronics,Laptop,1,14645.57,0,2023-02-13,27.51,2,5.0,Cash On Delivery,6707.506249999999,1.0,14645.57,2023-02,2023,26-35
101602,1293,Male,29,Mumbai,Beauty,Lipstick,1,720.17,25,2024-05-31,64.64,8,5.0,UPI,720.17,1.0,540.13,2024-05,2024,26-35
101716,1499,Female,20,Pune,Books,Textbook,1,403.57,10,2023-09-22,56.69,4,5.0,Net Banking,403.57,1.0,363.21,2023-09,2023,<=25
100043,1078,Female,39,Mumbai,Books,Biography,1,690.78,5,2023-03-10,46.17,5,4.0,Debit Card,690.78,1.0,656.24,2023-03,2023,36-45
100057,1162,Male,28,Jaipur,Beauty,Face Cream,2,624.28,25,2023-11-21,97.92,1,1.0,Cash On Delivery,624.28,2.0,936.42,2023-11,2023,26-35
101619,1309,Male,30,Jaipur,Books,Comic,1,449.24,10,2023-08-02,70.6,3,4.0,Cash On Delivery,449.24,1.0,404.32,2023-08,2023,26-35
101125,1045,Male,34,Ahmedabad,Books,Novel,2,252.62,5,2023-07-14,132.97,6,5.0,Credit Card,252.62,2.0,479.98,2023-07,2023,26-35
101189,1348,Other,27,Bangalore,Fashion,Handbag,1,1711.66,0,2023-02-11,155.69,8,4.0,UPI,1711.66,1.0,1711.66,2023-02,2023,26-35
101303,1375,Male,52,Hyderabad,Fashion,Jeans,1,1270.56,0,2023-06-09,10.26,7,5.0,Net Banking,1270.56,1.0,1270.56,2023-06,2023,46-55
100889,1497,Male,38,Hyderabad,Books,Comic,1,429.61,0,2024-07-02,117.4,1,3.0,Debit Card,429.61,1.0,429.61,2024-07,2024,36-45
100575,1312,Male,35,Kolkata,Electronics,Smartwatch,1,14358.82,30,2023-08-24,88.35,6,3.0,Net Banking,6707.506249999999,1.0,10051.17,2023-08,2023,26-35
100039,1409,Female,17,Hyderabad,Fashion,Handbag,2,1143.91,25,2023-03-29,123.57,7,1.0,Net Banking,1143.91,2.0,1715.87,2023-03,2023,<=25
100307,1431,Male,16,Jaipur,Electronics,Smartwatch,1,15868.96,20,2023-11-18,103.41,5,4.0,UPI,6707.506249999999,1.0,12695.17,2023-11,2023,<=25
100669,1010,Female,23,Jaipur,Beauty,Perfume,2,705.23,0,2023-04-28,95.24,7,3.0,UPI,705.23,2.0,1410.46,2023-04,2023,<=25
100007,1301,Male,45,Mumbai,Fashion,Sneakers,1,830.26,0,2024-09-16,85.7,6,4.0,Debit Card,830.26,1.0,830.26,2024-09,2024,36-45
101076,1418,Male,16,Jaipur,Books,Textbook,2,468.05,0,2024-12-25,65.82,2,4.0,Debit Card,468.05,2.0,936.1,2024-12,2024,<=25
100783,1211,Female,18,Kolkata,Fashion,Handbag,1,1875.35,30,2023-11-28,80.63,6,5.0,Credit Card,1875.35,1.0,1312.74,2023-11,2023,<=25
100409,1023,Female,22,Pune,Books,Biography,1,423.89,15,2024-09-17,77.87,1,5.0,UPI,423.89,1.0,360.31,2024-09,2024,<=25
101905,1476,Female,35,Mumbai,Books,Biography,1,309.75,20,2023-09-07,49.86,1,5.0,UPI,309.75,1.0,247.8,2023-09,2023,26-35
100782,1150,Male,28,Bangalore,Electronics,Headphones,1,17650.27,5,2024-11-05,57.34,2,5.0,Cash On Delivery,6707.506249999999,1.0,16767.76,2024-11,2024,26-35
100167,1483,Female,40,Mumbai,Home & Kitchen,Lamp,2,2569.87,0,2023-07-02,79.98,5,5.0,Cash On Delivery,2569.87,2.0,5139.74,2023-07,2023,36-45
100535,1441,Female,20,Pune,Beauty,Lipstick,2,784.34,5,2023-08-15,50.88,7,5.0,UPI,784.34,2.0,1490.25,2023-08,2023,<=25
100584,1203,Male,16,Ahmedabad,Beauty,Hair Dryer,1,306.69,15,2024-07-12,102.67,7,1.0,Cash On Delivery,306.69,1.0,260.69,2024-07,2024,<=25
101567,1156,Male,19,Kolkata,Books,Biography,2,275.19,25,2023-03-19,154.13,3,5.0,Net Banking,275.19,2.0,412.78,2023-03,2023,<=25
101930,1302,Female,31,Chennai,Fashion,Sneakers,1,1384.4,10,2024-06-06,70.59,3,5.0,Cash On Delivery,1384.4,1.0,1245.96,2024-06,2024,26-35
101444,1468,Male,24,Delhi,Sports,Football,1,2936.73,15,2024-05-26,106.19,3,3.0,Debit Card,2936.73,1.0,2496.22,2024-05,2024,<=25
101353,1008,Male,41,Mumbai,Fashion,Jacket,1,992.9,25,2023-06-19,150.57,5,5.0,Debit Card,992.9,1.0,744.68,2023-06,2023,36-45
101128,1452,Female,50,Ahmedabad,Electronics,Headphones,1,14100.46,0,2024-10-27,54.83,3,5.0,Net Banking,6707.506249999999,1.0,14100.46,2024-10,2024,46-55
101090,1009,Other,44,Chennai,Fashion,Handbag,1,1485.64,25,2023-07-16,36.71,3,5.0,Cash On Delivery,1485.64,1.0,1114.23,2023-07,2023,36-45
100814,1328,Male,44,Delhi,Electronics,Tablet,4,13155.94,20,2023-06-12,69.46,5,5.0,Net Banking,6707.506249999999,3.5,42099.01,2023-06,2023,36-45
100317,1232,Other,44,Bangalore,Electronics,Tablet,3,22368.22,20,2024-10-30,101.05,3,5.0,Net Banking,6707.506249999999,3.0,53683.73,2024-10,2024,36-45
101302,1353,Male,31,Mumbai,Fashion,Jacket,1,981.89,20,2023-04-04,68.06,5,3.0,Cash On Delivery,981.89,1.0,785.51,2023-04,2023,26-35
101748,1083,Female,32,Delhi,Sports,Cricket Bat,1,2444.31,5,2023-12-10,79.39500000000001,6,4.0,Credit Card,2444.31,1.0,2322.09,2023-12,2023,26-35
100517,1487,Female,28,Mumbai,Fashion,T-Shirt,2,1401.62,25,2024-07-16,117.39,5,3.0,Net Banking,1401.62,2.0,2102.43,2024-07,2024,26-35
101694,1310,Other,45,Delhi,Electronics,Headphones,1,10347.76,30,2023-08-28,10.11,5,4.0,Debit Card,6707.506249999999,1.0,7243.43,2023-08,2023,36-45
100534,1279,Female,42,Hyderabad,Sports,Yoga Mat,1,2777.27,10,2024-02-08,86.83,7,5.0,Debit Card,2777.27,1.0,2499.54,2024-02,2024,36-45
101639,1218,Male,16,Delhi,Sports,Running Shoes,1,1421.51,5,2024-11-17,99.48,5,3.0,UPI,1421.51,1.0,1350.43,2024-11,2024,<=25
100272,1328,Male,50,Chennai,Sports,Football,3,1794.62,20,2023-11-24,96.9,6,5.0,Net Banking,1794.62,3.0,4307.09,2023-11,2023,46-55
100549,1037,Male,41,Delhi,Electronics,Tablet,1,13718.36,5,2024-10-10,35.14,6,1.0,Credit Card,6707.506249999999,1.0,13032.44,2024-10,2024,36-45
100965,1346,Female,19,Ahmedabad,Sports,Running Shoes,1,2141.36,0,2023-03-01,51.04,6,4.0,Net Banking,2141.36,1.0,2141.36,2023-03,2023,<=25
101831,1326,Other,18,Kolkata,Beauty,Lipstick,1,919.68,25,2024-03-15,66.91,4,4.0,Debit Card,919.68,1.0,689.76,2024-03,2024,<=25
101655,1332,Male,35,Kolkata,Home & Kitchen,Mixer Grinder,1,1130.31,0,2023-09-27,34.07,6,4.0,Net Banking,1130.31,1.0,1130.31,2023-09,2023,26-35
100599,1313,Female,43,Ahmedabad,Home & Kitchen,Cookware Set,2,5723.23,20,2023-02-09,86.55,2,3.0,Debit Card,5723.23,2.0,9157.17,2023-02,2023,36-45
101628,1264,Male,45,Mumbai,Books,Biography,2,468.47,15,2024-12-27,23.4,4,5.0,Credit Card,468.47,2.0,796.4,2024-12,2024,36-45
100571,1032,Female,41,Chennai,Beauty,Shampoo,1,53.26,25,2023-07-22,6.12,4,5.0,Credit Card,53.26,1.0,39.94,2023-07,2023,36-45
100075,1025,Male,47,Chennai,Books,Cookbook,1,281.69,5,2024-07-02,131.49,7,5.0,Net Banking,281.69,1.0,267.61,2024-07,2024,46-55
100062,1175,Male,24,Bangalore,Books,Textbook,1,569.75,30,2024-12-03,43.9,4,5.0,Net Banking,569.75,1.0,398.82,2024-12,2024,<=25
100810,1076,Female,35,Mumbai,Sports,Running Shoes,2,1516.93,5,2024-12-04,52.59,7,2.0,Net Banking,1516.93,2.0,2882.17,2024-12,2024,26-35
100245,1279,Other,22,Hyderabad,Fashion,Jeans,2,1585.32,0,2023-08-31,56.56,5,4.0,UPI,1585.32,2.0,3170.64,2023-08,2023,<=25
101118,1494,Female,36,Patna,Home & Kitchen,Mixer Grinder,2,2185.08,20,2024-03-08,86.74,5,2.0,Debit Card,2185.08,2.0,3496.13,2024-03,2024,36-45
101859,1261,Male,58,Patna,Fashion,Handbag,1,1510.31,5,2023-06-19,32.8,2,4.0,Net Banking,1510.31,1.0,1434.79,2023-06,2023,56+
100106,1021,Male,50,Delhi,Beauty,Perfume,1,810.42,20,2024-06-05,0.0,1,3.0,UPI,810.42,1.0,648.34,2024-06,2024,46-55
100674,1295,Other,35,Jaipur,Sports,Dumbbells,2,2380.79,10,2023-09-05,122.05,8,4.0,Credit Card,2380.79,2.0,4285.42,2023-09,2023,26-35
100643,1146,Male,36,Hyderabad,Fashion,Handbag,1,2526.63,30,2024-10-02,148.4,8,4.0,Debit Card,2526.63,1.0,1768.64,2024-10,2024,36-45
100666,1035,Female,32,Ahmedabad,Electronics,Smartphone,1,19372.99,5,2024-02-01,82.94,3,2.0,Debit Card,6707.506249999999,1.0,18404.34,2024-02,2024,26-35
100510,1062,Female,35,Pune,Fashion,Jacket,1,2184.81,0,2024-12-24,63.87,5,4.0,UPI,2184.81,1.0,2184.81,2024-12,2024,26-35
100132,1056,Male,35,Delhi,Beauty,Hair Dryer,2,807.85,10,2023-11-05,136.05,5,5.0,Credit Card,807.85,2.0,1454.13,2023-11,2023,26-35
100445,1424,Female,27,Bangalore,Home & Kitchen,Cookware Set,1,2930.91,20,2023-07-16,78.41,5,4.0,Debit Card,2930.91,1.0,2344.73,2023-07,2023,26-35
100867,1147,Female,38,Hyderabad,Sports,Dumbbells,60,2377.92,10,2024-07-02,108.75,5,3.0,Credit Card,2377.92,3.5,128407.68,2024-07,2024,36-45
101798,1019,Male,42,Patna,Home & Kitchen,Lamp,1,3826.27,0,2024-04-17,46.56,3,4.0,Net Banking,3826.27,1.0,3826.27,2024-04,2024,36-45
100058,1184,Female,17,Mumbai,Beauty,Shampoo,2,574.15,20,2023-10-06,55.44,7,5.0,Credit Card,574.15,2.0,918.64,2023-10,2023,<=25
101678,1320,Female,44,Jaipur,Beauty,Lipstick,1,735.29,5,2023-09-07,79.39500000000001,5,5.0,Credit Card,735.29,1.0,698.53,2023-09,2023,36-45
101084,1041,Male,53,Pune,Fashion,T-Shirt,1,1375.32,5,2023-11-26,178.92,6,4.0,Credit Card,1375.32,1.0,1306.55,2023-11,2023,46-55
101945,1418,Female,33,Hyderabad,Fashion,Jacket,1,2266.19,10,2023-03-30,84.0,4,3.0,Net Banking,2266.19,1.0,2039.57,2023-03,2023,26-35
100087,1196,Male,35,Chennai,Home & Kitchen,Mixer Grinder,1,3470.74,30,2023-04-18,103.58,2,3.0,Credit Card,3470.74,1.0,2429.52,2023-04,2023,26-35
101872,1139,Male,40,Chennai,Beauty,Face Cream,1,708.84,25,2024-11-28,152.97,7,2.0,Credit Card,708.84,1.0,531.63,2024-11,2024,36-45
100772,1422,Female,20,Patna,Books,Biography,1,145.04,15,2023-09-18,46.25,2,5.0,Net Banking,145.04,1.0,123.28,2023-09,2023,<=25
101402,1284,Female,28,Patna,Home & Kitchen,Bedsheet,1,1948.56,10,2024-12-07,15.3,3,5.0,Debit Card,1948.56,1.0,1753.7,2024-12,2024,26-35
100709,1226,Female,27,Bangalore,Sports,Running Shoes,1,1620.33,5,2024-08-03,117.04,9,5.0,Net Banking,1620.33,1.0,1539.31,2024-08,2024,26-35
101576,1172,Other,25,Bangalore,Electronics,Smartwatch,1,28145.61,15,2024-08-03,0.0,3,4.0,Net Banking,6707.506249999999,1.0,23923.77,2024-08,2024,<=25
101354,1281,Male,39,Kolkata,Fashion,Handbag,1,1273.92,0,2023-05-08,47.37,4,4.0,Debit Card,1273.92,1.0,1273.92,2023-05,2023,36-45
101581,1419,Female,29,Jaipur,Fashion,Jeans,2,2026.19,0,2024-02-01,85.47,4,5.0,Debit Card,2026.19,2.0,4052.38,2024-02,2024,26-35
101760,1447,Male,29,Delhi,Sports,Cricket Bat,4,1396.73,0,2023-11-19,127.28,4,3.0,UPI,1396.73,3.5,5586.92,2023-11,2023,26-35
101278,1340,Female,27,Ahmedabad,Electronics,Headphones,2,2493.81,0,2024-04-14,41.55,4,4.0,Debit Card,2493.81,2.0,4987.62,2024-04,2024,26-35
101572,1037,Female,31,Jaipur,Home & Kitchen,Bedsheet,1,3388.03,0,2024-09-20,110.97,6,5.0,Credit Card,3388.03,1.0,3388.03,2024-09,2024,26-35
101321,1471,Female,20,Pune,Home & Kitchen,Vacuum Cleaner,2,3277.56,15,2023-11-13,85.55,3,3.0,Net Banking,3277.56,2.0,5571.85,2023-11,2023,<=25
100419,1426,Female,38,Patna,Books,Cookbook,1,190.15,10,2023-11-13,92.03,2,5.0,Credit Card,190.15,1.0,171.14,2023-11,2023,36-45
101867,1431,Female,40,Chennai,Fashion,Handbag,1,1672.32,25,2023-09-21,128.07,3,4.0,Net Banking,1672.32,1.0,1254.24,2023-09,2023,36-45
101074,1180,Male,33,Patna,Sports,Running Shoes,1,2870.16,10,2023-08-07,71.0,2,4.0,Debit Card,2870.16,1.0,2583.14,2023-08,2023,26-35
101724,1419,Male,49,Patna,Home & Kitchen,Mixer Grinder,2,2981.48,0,2024-12-13,71.22,5,4.0,Debit Card,2981.48,2.0,5962.96,2024-12,2024,46-55
101295,1028,Male,34,Ahmedabad,Beauty,Lipstick,3,615.78,20,2024-01-19,116.08,5,4.0,Credit Card,615.78,3.0,1477.87,2024-01,2024,26-35
100852,1123,Female,18,Hyderabad,Sports,Dumbbells,1,1003.72,20,2023-05-21,63.63,4,4.0,UPI,1003.72,1.0,802.98,2023-05,2023,<=25
101769,1187,Female,42,Bangalore,Fashion,Jeans,1,2033.79,15,2024-04-21,22.45,5,2.0,Cash On Delivery,2033.79,1.0,1728.72,2024-04,2024,36-45
101887,1253,Female,31,Patna,Beauty,Lipstick,1,541.59,0,2023-10-24,83.3,5,5.0,Net Banking,541.59,1.0,541.59,2023-10,2023,26-35
101710,1055,Female,41,Jaipur,Sports,Cricket Bat,1,2635.37,0,2023-11-23,79.39500000000001,4,3.0,Credit Card,2635.37,1.0,2635.37,2023-11,2023,36-45
101782,1275,Female,48,Pune,Electronics,Tablet,3,17349.14,5,2024-06-18,100.61,5,3.0,Debit Card,6707.506249999999,3.0,49445.05,2024-06,2024,46-55
101313,1144,Male,25,Delhi,Sports,Yoga Mat,2,1797.98,15,2024-05-17,93.86,2,3.0,Net Banking,1797.98,2.0,3056.57,2024-05,2024,<=25
101749,1001,Male,42,Pune,Electronics,Tablet,1,17679.08,25,2023-07-13,96.48,3,5.0,Net Banking,6707.506249999999,1.0,13259.31,2023-07,2023,36-45
101815,1029,Female,38,Bangalore,Beauty,Face Cream,1,1226.1,20,2023-05-12,5.75,10,1.0,Debit Card,1226.1,1.0,980.88,2023-05,2023,36-45
100305,1006,Female,29,Mumbai,Beauty,Face Cream,1,954.07,30,2023-01-25,203.54,6,4.0,Debit Card,954.07,1.0,667.85,2023-01,2023,26-35
101532,1321,Male,26,Mumbai,Books,Comic,1,502.69,0,2023-11-09,79.39500000000001,3,4.0,UPI,502.69,1.0,502.69,2023-11,2023,26-35
100336,1405,Female,33,Jaipur,Beauty,Lipstick,1,438.59,20,2024-07-22,26.16,1,5.0,Net Banking,438.59,1.0,350.87,2024-07,2024,26-35
100996,1128,Female,20,Jaipur,Electronics,Headphones,4,22513.45,5,2023-01-27,63.99,8,5.0,Net Banking,6707.506249999999,3.5,85551.11,2023-01,2023,<=25
100570,1421,Female,56,Delhi,Electronics,Laptop,1,6280.45,20,2023-01-31,91.46,3,4.0,Cash On Delivery,6280.45,1.0,5024.36,2023-01,2023,56+
100089,1408,Male,35,Pune,Sports,Running Shoes,1,1186.3,5,2023-02-11,169.72,4,5.0,Net Banking,1186.3,1.0,1126.98,2023-02,2023,26-35
100875,1235,Female,57,Ahmedabad,Electronics,Smartphone,1,7617.72,15,2024-05-07,38.47,5,4.0,Credit Card,6707.506249999999,1.0,6475.06,2024-05,2024,56+
101165,1282,Male,37,Jaipur,Fashion,Jacket,1,793.03,0,2023-08-16,51.66,3,5.0,UPI,793.03,1.0,793.03,2023-08,2023,36-45
101540,1183,Male,37,Bangalore,Home & Kitchen,Mixer Grinder,1,1673.39,0,2023-10-29,66.25,5,2.0,Debit Card,1673.39,1.0,1673.39,2023-10,2023,36-45
100713,1454,Female,56,Patna,Fashion,T-Shirt,1,1204.12,5,2024-05-27,139.12,3,5.0,Net Banking,1204.12,1.0,1143.91,2024-05,2024,56+
101766,1448,Male,30,Mumbai,Home & Kitchen,Bedsheet,1,3095.76,5,2024-02-26,68.17,9,4.0,UPI,3095.76,1.0,2940.97,2024-02,2024,26-35
101869,1158,Female,40,Chennai,Sports,Dumbbells,1,2710.71,20,2024-09-02,142.68,2,3.0,Debit Card,2710.71,1.0,2168.57,2024-09,2024,36-45
101396,1098,Female,38,Chennai,Books,Comic,1,675.14,0,2023-07-31,15.96,4,2.0,Debit Card,675.14,1.0,675.14,2023-07,2023,36-45
100222,1094,Female,24,Hyderabad,Sports,Yoga Mat,1,2203.51,25,2024-02-10,43.96,8,3.0,Net Banking,2203.51,1.0,1652.63,2024-02,2024,<=25
100320,1270,Male,19,Ahmedabad,Beauty,Lipstick,5,937.61,0,2023-06-28,136.84,6,4.0,Cash On Delivery,937.61,3.5,4688.05,2023-06,2023,<=25
101775,1456,Female,24,Ahmedabad,Books,Biography,1,596.19,10,2024-09-05,63.9,4,5.0,Credit Card,596.19,1.0,536.57,2024-09,2024,<=25
100879,1351,Male,48,Bangalore,Home & Kitchen,Mixer Grinder,1,1889.8,0,2023-11-15,0.0,6,4.0,Credit Card,1889.8,1.0,1889.8,2023-11,2023,46-55
101821,1352,Female,42,Hyderabad,Fashion,Jacket,1,1346.87,10,2024-12-28,79.39500000000001,4,5.0,Net Banking,1346.87,1.0,1212.18,2024-12,2024,36-45
100826,1015,Male,23,Jaipur,Beauty,Face Cream,1,1251.85,10,2023-02-11,133.98,2,4.0,Debit Card,1251.85,1.0,1126.66,2023-02,2023,<=25
100614,1057,Male,30,Chennai,Fashion,Jacket,1,798.57,25,2023-07-20,87.95,6,4.0,Net Banking,798.57,1.0,598.93,2023-07,2023,26-35
101482,1331,Female,35,Kolkata,Sports,Dumbbells,1,3414.59,20,2024-09-22,115.54,3,3.0,Debit Card,3414.59,1.0,2731.67,2024-09,2024,26-35
100139,1353,Female,30,Chennai,Home & Kitchen,Bedsheet,2,3338.94,20,2023-05-31,57.35,3,4.0,UPI,3338.94,2.0,5342.3,2023-05,2023,26-35
100164,1217,Male,23,Delhi,Sports,Football,2,1684.03,10,2024-01-30,124.78,5,4.0,UPI,1684.03,2.0,3031.25,2024-01,2024,<=25
101801,1402,Female,35,Ahmedabad,Home & Kitchen,Mixer Grinder,2,3861.52,5,2024-12-06,117.15,3,4.0,Net Banking,3861.52,2.0,7336.89,2024-12,2024,26-35
101465,1170,Female,16,Ahmedabad,Books,Comic,3,491.91,25,2023-03-30,87.39,6,4.0,Credit Card,491.91,3.0,1106.8,2023-03,2023,<=25
100961,1294,Female,44,Jaipur,Books,Biography,1,250.91,0,2024-01-09,65.01,7,3.0,Net Banking,250.91,1.0,250.91,2024-01,2024,36-45
101455,1433,Male,32,Ahmedabad,Sports,Cricket Bat,2,1628.53,5,2024-05-09,96.28,8,5.0,Credit Card,1628.53,2.0,3094.21,2024-05,2024,26-35
101925,1343,Female,39,Kolkata,Home & Kitchen,Bedsheet,1,1371.11,10,2024-11-11,112.24,6,1.0,Net Banking,1371.11,1.0,1234.0,2024-11,2024,36-45
101193,1329,Female,43,Patna,Books,Comic,1,271.99,10,2024-04-23,56.65,6,3.0,UPI,271.99,1.0,244.79,2024-04,2024,36-45
101950,1115,Male,23,Pune,Books,Comic,1,487.47,10,2024-12-03,86.84,2,2.0,Cash On Delivery,487.47,1.0,438.72,2024-12,2024,<=25
101314,1332,Female,35,Patna,Sports,Running Shoes,2,2363.81,10,2023-01-22,75.07,5,5.0,Net Banking,2363.81,2.0,4254.86,2023-01,2023,26-35
101824,1335,Female,28,Ahmedabad,Electronics,Laptop,1,12377.9,20,2024-05-04,119.27,1,4.0,Net Banking,6707.506249999999,1.0,9902.32,2024-05,2024,26-35
100634,1261,Female,16,Delhi,Beauty,Hair Dryer,1,1156.28,0,2023-06-05,155.49,4,4.0,UPI,1156.28,1.0,1156.28,2023-06,2023,<=25
101202,1237,Female,28,Delhi,Electronics,Laptop,1,20333.0,20,2024-03-24,44.24,5,5.0,Credit Card,6707.506249999999,1.0,16266.4,2024-03,2024,26-35
100656,1104,Female,27,Delhi,Books,Cookbook,3,394.1,5,2023-07-14,58.13,5,4.0,Cash On Delivery,394.1,3.0,1123.19,2023-07,2023,26-35
100017,1075,Female,35,Ahmedabad,Fashion,Handbag,1,1650.06,20,2023-09-02,124.25,5,5.0,Net Banking,1650.06,1.0,1320.05,2023-09,2023,26-35
101649,1072,Male,21,Kolkata,Books,Novel,1,9693.680686661311,5,2023-06-23,134.24,8,5.0,Cash On Delivery,6707.506249999999,1.0,9209.0,2023-06,2023,<=25
101179,1034,Male,27,Chennai,Fashion,Sneakers,1,901.62,0,2023-01-04,50.71,4,4.0,Net Banking,901.62,1.0,901.62,2023-01,2023,26-35
100138,1164,Female,38,Chennai,Fashion,Jacket,1,1075.02,10,2024-08-08,87.15,3,2.0,Credit Card,1075.02,1.0,967.52,2024-08,2024,36-45
101239,1392,Male,31,Hyderabad,Sports,Football,1,1540.91,20,2023-10-08,118.6,4,4.0,Cash On Delivery,1540.91,1.0,1232.73,2023-10,2023,26-35
100698,1186,Female,30,Bangalore,Sports,Football,1,1589.08,0,2023-02-21,70.98,6,4.0,Cash On Delivery,1589.08,1.0,1589.08,2023-02,2023,26-35
101098,1463,Female,48,Mumbai,Home & Kitchen,Mixer Grinder,5,4345.04,5,2023-08-28,82.9,9,3.0,Net Banking,4345.04,3.5,20638.94,2023-08,2023,46-55
101634,1357,Male,36,Hyderabad,Electronics,Laptop,1,14767.21,5,2023-06-09,94.64,5,4.0,Debit Card,6707.506249999999,1.0,14028.85,2023-06,2023,36-45
100449,1286,Male,32,Hyderabad,Sports,Running Shoes,1,766.6,10,2024-01-10,54.25,3,5.0,Debit Card,766.6,1.0,689.94,2024-01,2024,26-35
101915,1261,Female,42,Kolkata,Electronics,Headphones,4,15988.5,0,2023-07-19,110.92,5,4.0,UPI,6707.506249999999,3.5,63954.0,2023-07,2023,36-45
100328,1101,Other,25,Mumbai,Sports,Cricket Bat,1,1480.12,20,2023-02-23,117.07,4,3.0,Debit Card,1480.12,1.0,1184.1,2023-02,2023,<=25
100318,1263,Female,58,Chennai,Beauty,Perfume,1,817.91,0,2024-11-11,63.15,6,1.0,Credit Card,817.91,1.0,817.91,2024-11,2024,56+
101546,1429,Male,40,Jaipur,Electronics,Tablet,1,16424.62,10,2024-12-30,0.0,5,2.0,Credit Card,6707.506249999999,1.0,14782.16,2024-12,2024,36-45
100527,1258,Female,42,Pune,Sports,Dumbbells,1,2174.11,0,2024-10-25,68.86,7,3.0,Cash On Delivery,2174.11,1.0,2174.11,2024-10,2024,36-45
100088,1437,Male,37,Delhi,Electronics,Laptop,1,17576.53,10,2024-01-21,93.43,1,5.0,UPI,6707.506249999999,1.0,15818.88,2024-01,2024,36-45
101288,1279,Other,40,Ahmedabad,Books,Textbook,1,538.62,15,2024-05-02,115.69,7,5.0,UPI,538.62,1.0,457.83,2024-05,2024,36-45
100149,1207,Male,31,Kolkata,Home & Kitchen,Bedsheet,2,3533.48,25,2024-01-29,91.53,4,3.0,Cash On Delivery,3533.48,2.0,5300.22,2024-01,2024,26-35
101641,1225,Female,20,Delhi,Home & Kitchen,Vacuum Cleaner,1,3680.96,0,2024-05-30,79.39500000000001,2,5.0,Credit Card,3680.96,1.0,3680.96,2024-05,2024,<=25
101222,1115,Female,16,Bangalore,Books,Comic,1,504.35,0,2024-04-13,6.47,7,4.0,Cash On Delivery,504.35,1.0,504.35,2024-04,2024,<=25
101477,1216,Male,45,Kolkata,Fashion,Jacket,1,1448.78,15,2023-04-07,92.68,5,2.0,Cash On Delivery,1448.78,1.0,1231.46,2023-04,2023,36-45
100366,1090,Female,25,Hyderabad,Beauty,Hair Dryer,1,1175.27,30,2023-03-28,47.83,3,5.0,Debit Card,1175.27,1.0,822.69,2023-03,2023,<=25
100590,1212,Female,23,Jaipur,Beauty,Lipstick,1,974.87,10,2023-01-26,53.57,5,3.0,UPI,974.87,1.0,877.38,2023-01,2023,<=25
101528,1409,Male,31,Mumbai,Electronics,Smartwatch,2,10562.91,10,2024-08-08,28.24,2,4.0,Cash On Delivery,6707.506249999999,2.0,19013.24,2024-08,2024,26-35
100199,1254,Male,43,Chennai,Home & Kitchen,Mixer Grinder,3,1870.65,0,2023-07-10,47.62,6,4.0,Debit Card,1870.65,3.0,5611.95,2023-07,2023,36-45
101953,1435,Male,39,Ahmedabad,Books,Novel,1,459.47,20,2023-10-30,131.27,3,4.0,Net Banking,459.47,1.0,367.58,2023-10,2023,36-45
100193,1145,Other,44,Pune,Electronics,Headphones,1,12543.12,20,2023-02-19,105.18,5,4.0,Net Banking,6707.506249999999,1.0,10034.5,2023-02,2023,36-45
100405,1434,Male,58,Pune,Beauty,Perfume,1,932.95,5,2024-07-12,68.67,6,5.0,UPI,932.95,1.0,886.3,2024-07,2024,56+
101592,1029,Female,21,Delhi,Fashion,Handbag,2,2045.27,10,2023-12-26,87.6,7,4.0,Debit Card,2045.27,2.0,3681.49,2023-12,2023,<=25
100484,1147,Female,28,Jaipur,Beauty,Perfume,1,624.7,0,2024-09-11,50.55,4,5.0,Credit Card,624.7,1.0,624.7,2024-09,2024,26-35
101476,1113,Female,31,Patna,Beauty,Perfume,3,502.88,10,2024-10-31,91.07,4,4.0,Debit Card,502.88,3.0,1357.78,2024-10,2024,26-35
100792,1371,Female,48,Kolkata,Electronics,Headphones,1,16114.92,30,2024-02-10,81.26,3,3.0,Net Banking,6707.506249999999,1.0,11280.44,2024-02,2024,46-55
100800,1366,Female,31,Chennai,Fashion,Handbag,1,2271.62,0,2024-02-14,85.57,2,4.0,Debit Card,2271.62,1.0,2271.62,2024-02,2024,26-35
100385,1289,Female,35,Jaipur,Beauty,Hair Dryer,1,513.21,10,2023-12-30,104.28,5,5.0,Cash On Delivery,513.21,1.0,461.89,2023-12,2023,26-35
100751,1161,Male,43,Delhi,Beauty,Lipstick,2,951.78,5,2024-07-14,90.1,6,2.0,UPI,951.78,2.0,1808.38,2024-07,2024,36-45
100423,1358,Male,33,Jaipur,Home & Kitchen,Lamp,1,3326.94,25,2024-07-18,44.08,1,5.0,Net Banking,3326.94,1.0,2495.2,2024-07,2024,26-35
100315,1451,Female,55,Chennai,Sports,Dumbbells,2,1971.76,15,2023-09-27,65.68,2,5.0,Net Banking,1971.76,2.0,3351.99,2023-09,2023,46-55
101022,1445,Female,35,Chennai,Fashion,Jeans,1,1714.09,20,2024-10-24,122.67,5,4.0,Cash On Delivery,1714.09,1.0,1371.27,2024-10,2024,26-35
100544,1495,Female,35,Mumbai,Sports,Running Shoes,3,2792.44,0,2024-04-14,111.3,8,3.0,Cash On Delivery,2792.44,3.0,8377.32,2024-04,2024,26-35
100914,1163,Male,38,Delhi,Fashion,Jeans,4,1540.41,0,2023-07-27,78.35,8,4.0,Debit Card,1540.41,3.5,6161.64,2023-07,2023,36-45
100663,1064,Male,35,Chennai,Fashion,T-Shirt,1,1848.13,5,2024-06-20,74.32,4,1.0,UPI,1848.13,1.0,1755.72,2024-06,2024,26-35
100903,1017,Female,49,Pune,Home & Kitchen,Mixer Grinder,1,3547.34,5,2023-06-14,104.9,1,5.0,Cash On Delivery,3547.34,1.0,3369.97,2023-06,2023,46-55
101413,1062,Female,31,Chennai,Electronics,Smartphone,1,13191.5,30,2023-08-08,128.27,4,2.0,Debit Card,6707.506249999999,1.0,9234.05,2023-08,2023,26-35
100686,1473,Male,24,Ahmedabad,Beauty,Lipstick,5,1058.62,30,2023-01-26,49.91,4,5.0,UPI,1058.62,3.5,3705.17,2023-01,2023,<=25
101697,1051,Female,57,Bangalore,Electronics,Headphones,1,25023.13,10,2024-09-11,37.02,4,5.0,UPI,6707.506249999999,1.0,22520.82,2024-09,2024,56+
100160,1190,Other,48,Delhi,Electronics,Smartphone,1,10062.22,20,2023-01-28,76.37,4,4.0,Net Banking,6707.506249999999,1.0,8049.78,2023-01,2023,46-55
101000,1339,Female,41,Pune,Sports,Yoga Mat,1,2741.41,30,2023-05-07,60.88,2,4.0,Net Banking,2741.41,1.0,1918.99,2023-05,2023,36-45
101554,1218,Female,33,Bangalore,Home & Kitchen,Bedsheet,4,3777.09,20,2023-10-13,77.6,1,5.0,Credit Card,3777.09,3.5,12086.69,2023-10,2023,26-35
101797,1220,Female,42,Chennai,Beauty,Hair Dryer,1,727.0,0,2023-10-27,128.87,3,4.0,Net Banking,727.0,1.0,727.0,2023-10,2023,36-45
100203,1271,Male,16,Bangalore,Sports,Dumbbells,1,2009.85,5,2024-05-20,72.93,5,4.0,UPI,2009.85,1.0,1909.36,2024-05,2024,<=25
101024,1135,Female,52,Hyderabad,Electronics,Smartphone,4,11177.87,0,2024-03-04,65.07,4,4.0,UPI,6707.506249999999,3.5,44711.48,2024-03,2024,46-55
101551,1227,Male,36,Mumbai,Fashion,Sneakers,1,1638.06,0,2023-07-15,44.78,1,4.0,Cash On Delivery,1638.06,1.0,1638.06,2023-07,2023,36-45
100113,1464,Male,32,Hyderabad,Electronics,Tablet,1,1078.53,0,2023-12-02,32.19,7,5.0,Net Banking,1078.53,1.0,1078.53,2023-12,2023,26-35
101827,1224,Female,23,Mumbai,Electronics,Smartphone,2,13437.45,15,2023-04-17,97.4,4,2.0,Cash On Delivery,6707.506249999999,2.0,22843.66,2023-04,2023,<=25
101248,1063,Female,36,Patna,Electronics,Smartphone,1,23838.67,10,2024-08-11,109.07,3,5.0,Cash On Delivery,6707.506249999999,1.0,21454.8,2024-08,2024,36-45
100981,1046,Female,23,Delhi,Beauty,Lipstick,2,881.32,5,2024-03-29,117.37,2,4.0,Cash On Delivery,881.32,2.0,1674.51,2024-03,2024,<=25
100923,1307,Female,40,Hyderabad,Home & Kitchen,Lamp,1,2445.04,0,2023-03-17,77.47,5,4.0,Debit Card,2445.04,1.0,2445.04,2023-03,2023,36-45
101500,1038,Female,35,Hyderabad,Beauty,Shampoo,1,716.01,0,2023-08-26,72.37,4,1.0,Credit Card,716.01,1.0,716.01,2023-08,2023,26-35
101607,1446,Male,47,Mumbai,Electronics,Headphones,1,16954.85,10,2023-01-08,65.47,2,3.0,UPI,6707.506249999999,1.0,15259.36,2023-01,2023,46-55
101433,1436,Female,47,Bangalore,Fashion,Jacket,1,1724.5,30,2024-10-06,128.72,4,4.0,Credit Card,1724.5,1.0,1207.15,2024-10,2024,46-55
101257,1006,Male,40,Chennai,Fashion,Jacket,2,2373.42,10,2023-02-06,118.98,4,4.0,UPI,2373.42,2.0,4272.16,2023-02,2023,36-45
100816,1259,Male,33,Jaipur,Fashion,Sneakers,3,903.71,10,2024-10-01,107.4,1,3.0,Debit Card,903.71,3.0,2440.02,2024-10,2024,26-35
101305,1158,Female,48,Patna,Books,Textbook,2,407.09,15,2023-12-22,56.66,5,5.0,Credit Card,407.09,2.0,692.05,2023-12,2023,46-55
100680,1450,Male,50,Mumbai,Fashion,Jeans,1,1779.51,30,2024-03-24,0.0,5,3.0,UPI,1779.51,1.0,1245.66,2024-03,2024,46-55
101094,1358,Male,31,Delhi,Beauty,Shampoo,4,1022.93,30,2023-05-15,117.87,4,2.0,Cash On Delivery,1022.93,3.5,2864.2,2023-05,2023,26-35
100081,1236,Female,26,Pune,Home & Kitchen,Cookware Set,1,1590.72,10,2023-11-28,91.15,2,5.0,Debit Card,1590.72,1.0,1431.65,2023-11,2023,26-35
101780,1450,Male,34,Patna,Sports,Running Shoes,1,3475.12,0,2023-02-15,69.68,7,3.0,Net Banking,3475.12,1.0,3475.12,2023-02,2023,26-35
101738,1256,Male,38,Mumbai,Beauty,Lipstick,1,1039.84,10,2023-09-22,81.18,3,3.0,UPI,1039.84,1.0,935.86,2023-09,2023,36-45
101550,1238,Female,39,Pune,Sports,Football,2,2442.83,0,2024-02-29,61.46,6,5.0,UPI,2442.83,2.0,4885.66,2024-02,2024,36-45
100753,1085,Female,22,Bangalore,Home & Kitchen,Mixer Grinder,2,3477.02,0,2023-06-05,99.08,6,5.0,Net Banking,3477.02,2.0,6954.04,2023-06,2023,<=25
101333,1353,Female,32,Bangalore,Electronics,Laptop,1,20550.98,20,2023-09-21,41.58,4,4.0,Debit Card,6707.506249999999,1.0,16440.78,2023-09,2023,26-35
101055,1170,Male,36,Ahmedabad,Fashion,Sneakers,1,1790.78,15,2023-05-13,90.61,5,5.0,Credit Card,1790.78,1.0,1522.16,2023-05,2023,36-45
100243,1391,Male,25,Pune,Fashion,Jeans,4,1547.33,5,2023-02-14,125.61,7,1.0,Cash On Delivery,1547.33,3.5,5879.85,2023-02,2023,<=25
101355,1480,Male,57,Ahmedabad,Home & Kitchen,Mixer Grinder,2,768.12,25,2024-11-24,62.51,3,5.0,Net Banking,768.12,2.0,1152.18,2024-11,2024,56+
100642,1079,Male,37,Patna,Beauty,Lipstick,1,677.42,20,2024-03-11,79.39500000000001,3,3.0,Cash On Delivery,677.42,1.0,541.94,2024-03,2024,36-45
100697,1013,Female,31,Chennai,Home & Kitchen,Bedsheet,2,1426.95,0,2024-02-17,204.67,5,2.0,Debit Card,1426.95,2.0,2853.9,2024-02,2024,26-35
100210,1421,Male,42,Delhi,Sports,Yoga Mat,5,2088.81,0,2023-03-31,58.14,1,4.0,Credit Card,2088.81,3.5,10444.05,2023-03,2023,36-45
100771,1486,Female,61,Jaipur,Sports,Yoga Mat,1,3142.89,5,2023-02-21,76.15,1,5.0,Credit Card,3142.89,1.0,2985.75,2023-02,2023,56+
101774,1113,Male,38,Mumbai,Books,Cookbook,1,187.82,15,2023-11-22,117.87,5,3.0,UPI,187.82,1.0,159.65,2023-11,2023,36-45
100436,1147,Male,35,Kolkata,Books,Textbook,1,321.47,5,2023-01-30,145.46,6,5.0,Net Banking,321.47,1.0,305.4,2023-01,2023,26-35
101064,1213,Male,35,Hyderabad,Beauty,Perfume,1,961.26,15,2024-12-27,63.53,6,5.0,Net Banking,961.26,1.0,817.07,2024-12,2024,26-35
100975,1197,Male,41,Ahmedabad,Home & Kitchen,Bedsheet,1,3829.59,5,2024-02-13,57.86,5,4.0,Debit Card,3829.59,1.0,3638.11,2024-02,2024,36-45
100552,1441,Other,34,Jaipur,Electronics,Laptop,1,21412.12,5,2023-12-16,141.05,5,5.0,Debit Card,6707.506249999999,1.0,20341.51,2023-12,2023,26-35
101410,1378,Male,37,Pune,Beauty,Lipstick,3,823.91,20,2024-06-21,109.63,7,4.0,Cash On Delivery,823.91,3.0,1977.38,2024-06,2024,36-45
101523,1467,Male,45,Mumbai,Electronics,Smartwatch,1,20612.46,15,2023-08-12,68.44,5,5.0,Debit Card,6707.506249999999,1.0,17520.59,2023-08,2023,36-45
101014,1487,Female,47,Ahmedabad,Books,Biography,2,407.41,0,2023-03-25,74.59,4,5.0,Net Banking,407.41,2.0,814.82,2023-03,2023,46-55
101906,1408,Male,45,Chennai,Beauty,Face Cream,1,1241.35,25,2023-09-27,100.18,6,2.0,Cash On Delivery,1241.35,1.0,931.01,2023-09,2023,36-45
100467,1124,Male,22,Mumbai,Books,Textbook,1,542.73,0,2024-10-12,50.77,5,4.0,Net Banking,542.73,1.0,542.73,2024-10,2024,<=25
101491,1479,Female,33,Delhi,Books,Novel,1,205.51,0,2024-08-10,91.33,7,5.0,UPI,205.51,1.0,205.51,2024-08,2024,26-35
101320,1058,Female,38,Mumbai,Electronics,Smartwatch,1,10826.92,0,2024-09-04,30.93,3,4.0,Net Banking,6707.506249999999,1.0,10826.92,2024-09,2024,36-45
100278,1328,Female,47,Patna,Sports,Dumbbells,1,2517.74,15,2023-08-09,84.75,6,3.0,Net Banking,2517.74,1.0,2140.08,2023-08,2023,46-55
101070,1427,Male,24,Mumbai,Sports,Running Shoes,1,845.54,0,2023-10-21,10.53,3,5.0,UPI,845.54,1.0,845.54,2023-10,2023,<=25
101018,1115,Male,49,Kolkata,Fashion,Jacket,1,1513.95,25,2024-07-13,61.73,7,4.0,Debit Card,1513.95,1.0,1135.46,2024-07,2024,46-55
101356,1192,Male,38,Bangalore,Fashion,Sneakers,1,1582.13,0,2024-12-29,140.87,4,5.0,Debit Card,1582.13,1.0,1582.13,2024-12,2024,36-45
100723,1400,Female,23,Pune,Fashion,Handbag,1,1169.59,30,2024-02-11,98.69,7,4.0,Net Banking,1169.59,1.0,818.71,2024-02,2024,<=25
101973,1036,Male,32,Pune,Sports,Football,2,1756.21,15,2023-09-22,24.19,9,5.0,Net Banking,1756.21,2.0,2985.56,2023-09,2023,26-35
100787,1307,Male,31,Pune,Electronics,Smartwatch,1,14804.05,0,2024-03-02,67.16,3,5.0,Credit Card,6707.506249999999,1.0,14804.05,2024-03,2024,26-35
101563,1371,Female,43,Bangalore,Books,Biography,1,518.07,5,2023-11-11,136.9,1,4.0,Debit Card,518.07,1.0,492.17,2023-11,2023,36-45
101777,1274,Male,43,Delhi,Books,Cookbook,1,319.92,0,2023-05-02,133.31,8,3.0,Net Banking,319.92,1.0,319.92,2023-05,2023,36-45
101450,1280,Male,20,Delhi,Fashion,Jeans,1,1084.51,0,2024-08-30,0.0,7,3.0,Debit Card,1084.51,1.0,1084.51,2024-08,2024,<=25
101317,1303,Female,32,Pune,Electronics,Smartwatch,1,9572.22,10,2024-03-08,151.77,7,4.0,Net Banking,6707.506249999999,1.0,8615.0,2024-03,2024,26-35
100907,1346,Female,41,Kolkata,Books,Comic,1,484.37,0,2023-08-21,62.4,2,3.0,Net Banking,484.37,1.0,484.37,2023-08,2023,36-45
100564,1248,Female,19,Chennai,Home & Kitchen,Mixer Grinder,1,2455.21,0,2023-07-06,46.29,6,4.0,Cash On Delivery,2455.21,1.0,2455.21,2023-07,2023,<=25
100389,1363,Male,45,Delhi,Fashion,Jeans,1,1319.64,10,2024-10-04,74.68,4,4.0,Net Banking,1319.64,1.0,1187.68,2024-10,2024,36-45
100023,1466,Female,28,Ahmedabad,Electronics,Laptop,1,20900.27,25,2023-07-20,165.17,2,5.0,UPI,6707.506249999999,1.0,15675.2,2023-07,2023,26-35
101735,1317,Female,41,Ahmedabad,Fashion,Sneakers,1,363.86,10,2024-10-17,26.51,3,3.0,Net Banking,363.86,1.0,327.47,2024-10,2024,36-45
100125,1442,Male,40,Hyderabad,Home & Kitchen,Mixer Grinder,5,2446.95,30,2024-04-27,50.71,6,5.0,Credit Card,2446.95,3.5,8564.32,2024-04,2024,36-45
101260,1180,Male,26,Pune,Beauty,Perfume,1,803.81,20,2024-02-17,106.58,7,3.0,Cash On Delivery,803.81,1.0,643.05,2024-02,2024,26-35
100774,1458,Female,37,Kolkata,Home & Kitchen,Lamp,2,2402.75,10,2023-11-19,98.07,4,3.0,Cash On Delivery,2402.75,2.0,4324.95,2023-11,2023,36-45
100881,1192,Male,16,Patna,Beauty,Lipstick,1,234.77,0,2024-01-05,105.74,9,3.0,Cash On Delivery,234.77,1.0,234.77,2024-01,2024,<=25
101145,1333,Male,25,Jaipur,Books,Novel,1,152.23,15,2023-01-12,64.22,5,4.0,Debit Card,152.23,1.0,129.4,2023-01,2023,<=25
101167,1220,Female,41,Delhi,Books,Novel,1,520.07,10,2023-09-23,44.51,9,3.0,UPI,520.07,1.0,468.06,2023-09,2023,36-45
100051,1096,Female,48,Mumbai,Sports,Cricket Bat,1,1449.4,20,2024-09-15,72.83,4,5.0,Net Banking,1449.4,1.0,1159.52,2024-09,2024,46-55
101657,1168,Female,25,Chennai,Books,Comic,1,451.36,0,2023-06-04,37.61,2,3.0,Debit Card,451.36,1.0,451.36,2023-06,2023,<=25
101767,1266,Female,16,Bangalore,Fashion,Sneakers,1,2021.82,10,2024-08-22,29.09,7,4.0,UPI,2021.82,1.0,1819.64,2024-08,2024,<=25
101106,1434,Female,37,Mumbai,Fashion,T-Shirt,2,1723.06,0,2024-07-28,74.23,6,4.0,Debit Card,1723.06,2.0,3446.12,2024-07,2024,36-45
100704,1401,Female,21,Kolkata,Electronics,Laptop,1,14909.24,5,2024-12-07,59.0,1,4.0,Credit Card,6707.506249999999,1.0,14163.78,2024-12,2024,<=25
100483,1424,Male,16,Bangalore,Sports,Football,1,2274.44,25,2023-10-30,68.99,5,4.0,Net Banking,2274.44,1.0,1705.83,2023-10,2023,<=25
101146,1462,Female,42,Chennai,Sports,Cricket Bat,2,1931.52,20,2024-11-03,72.71,7,5.0,UPI,1931.52,2.0,3090.43,2024-11,2024,36-45
101931,1110,Female,35,Pune,Electronics,Tablet,1,21005.45,20,2023-03-14,112.57,7,4.0,UPI,6707.506249999999,1.0,16804.36,2023-03,2023,26-35
100067,1245,Male,34,Patna,Fashion,T-Shirt,1,956.58,10,2023-07-20,17.46,6,5.0,UPI,956.58,1.0,860.92,2023-07,2023,26-35
101740,1368,Female,37,Bangalore,Fashion,Handbag,3,810.38,25,2024-10-17,154.72,7,3.0,Cash On Delivery,810.38,3.0,1823.36,2024-10,2024,36-45
100734,1020,Male,26,Patna,Fashion,Jacket,1,1114.97,25,2023-01-13,110.74,4,4.0,Cash On Delivery,1114.97,1.0,836.23,2023-01,2023,26-35
101804,1256,Female,37,Kolkata,Fashion,Jacket,1,2013.53,25,2024-05-25,77.35,4,4.0,Debit Card,2013.53,1.0,1510.15,2024-05,2024,36-45
100802,1405,Female,44,Patna,Beauty,Face Cream,2,436.62,25,2024-08-08,72.08,1,1.0,Net Banking,436.62,2.0,654.93,2024-08,2024,36-45
101564,1164,Female,34,Ahmedabad,Home & Kitchen,Lamp,1,2720.03,5,2024-10-08,90.89,5,3.0,Debit Card,2720.03,1.0,2584.03,2024-10,2024,26-35
101485,1371,Female,26,Ahmedabad,Home & Kitchen,Cookware Set,1,3540.17,0,2024-03-24,83.9,7,5.0,Debit Card,3540.17,1.0,3540.17,2024-03,2024,26-35
100908,1329,Male,71,Delhi,Home & Kitchen,Vacuum Cleaner,1,2868.65,20,2023-11-28,113.8,4,4.0,Credit Card,2868.65,1.0,2294.92,2023-11,2023,56+
100032,1045,Female,26,Bangalore,Beauty,Shampoo,1,617.35,10,2023-12-14,92.17,5,5.0,Net Banking,617.35,1.0,555.62,2023-12,2023,26-35
100418,1317,Female,22,Hyderabad,Home & Kitchen,Mixer Grinder,1,2855.22,10,2024-03-31,70.55,5,2.0,Debit Card,2855.22,1.0,2569.7,2024-03,2024,<=25
100882,1467,Female,35,Kolkata,Books,Textbook,1,321.87,5,2024-02-18,47.27,4,5.0,Net Banking,321.87,1.0,305.78,2024-02,2024,26-35
100633,1059,Male,39,Delhi,Beauty,Face Cream,1,1187.28,15,2024-06-30,109.71,4,4.0,Debit Card,1187.28,1.0,1009.19,2024-06,2024,36-45
101579,1308,Female,30,Patna,Electronics,Laptop,1,19553.85,20,2023-11-14,129.64,3,4.0,Debit Card,6707.506249999999,1.0,15643.08,2023-11,2023,26-35
101454,1398,Male,16,Kolkata,Books,Comic,1,363.06,30,2023-12-03,69.72,3,5.0,Credit Card,363.06,1.0,254.14,2023-12,2023,<=25
100065,1085,Male,29,Chennai,Fashion,Handbag,1,1664.89,0,2024-11-15,46.93,3,3.0,Cash On Delivery,1664.89,1.0,1664.89,2024-11,2024,26-35
101723,1108,Male,60,Bangalore,Electronics,Smartwatch,1,328.87,0,2023-09-17,65.41,3,2.0,Net Banking,328.87,1.0,328.87,2023-09,2023,56+
101625,1299,Male,30,Ahmedabad,Fashion,Handbag,1,1659.59,0,2024-06-10,102.81,5,5.0,UPI,1659.59,1.0,1659.59,2024-06,2024,26-35
100078,1326,Female,53,Pune,Home & Kitchen,Mixer Grinder,2,2601.2,20,2024-01-03,137.1,8,1.0,Credit Card,2601.2,2.0,4161.92,2024-01,2024,46-55
100492,1000,Other,38,Pune,Fashion,Handbag,1,698.54,10,2023-02-16,145.11,9,3.0,Credit Card,698.54,1.0,628.69,2023-02,2023,36-45
101684,1379,Female,29,Delhi,Beauty,Hair Dryer,3,866.56,15,2024-12-20,87.37,5,3.0,Credit Card,866.56,3.0,2209.73,2024-12,2024,26-35
101759,1030,Female,67,Chennai,Books,Cookbook,1,439.5,5,2024-11-22,25.5,2,3.0,UPI,439.5,1.0,417.52,2024-11,2024,56+
100533,1349,Male,63,Pune,Home & Kitchen,Bedsheet,2,2374.51,0,2024-05-28,60.52,8,5.0,Credit Card,2374.51,2.0,4749.02,2024-05,2024,56+
100066,1286,Male,32,Delhi,Sports,Dumbbells,1,1828.46,5,2024-07-21,40.96,3,4.0,Credit Card,1828.46,1.0,1737.04,2024-07,2024,26-35
101709,1426,Female,23,Hyderabad,Electronics,Smartphone,1,10291.97,0,2023-02-06,88.55,3,4.0,Credit Card,6707.506249999999,1.0,10291.97,2023-02,2023,<=25
100297,1419,Female,43,Hyderabad,Electronics,Smartphone,1,20339.13,15,2024-06-15,169.36,7,5.0,UPI,6707.506249999999,1.0,17288.26,2024-06,2024,36-45
100592,1462,Male,34,Delhi,Home & Kitchen,Vacuum Cleaner,2,3404.58,0,2023-04-05,126.72,2,5.0,UPI,3404.58,2.0,6809.16,2023-04,2023,26-35
100768,1459,Female,29,Delhi,Books,Biography,1,316.2,10,2024-03-14,100.77,2,3.0,Debit Card,316.2,1.0,284.58,2024-03,2024,26-35
100725,1359,Female,49,Patna,Books,Biography,1,216.32,10,2024-08-08,80.44,1,4.0,Debit Card,216.32,1.0,194.69,2024-08,2024,46-55
101938,1220,Female,42,Mumbai,Books,Biography,3,300.64,0,2024-10-20,7.53,8,5.0,Debit Card,300.64,3.0,901.92,2024-10,2024,36-45
100627,1469,Female,59,Kolkata,Books,Cookbook,2,363.04,15,2024-12-13,76.21,2,5.0,Net Banking,363.04,2.0,617.17,2024-12,2024,56+
101967,1174,Female,21,Kolkata,Fashion,Jacket,2,1433.39,15,2023-12-12,121.14,7,5.0,UPI,1433.39,2.0,2436.76,2023-12,2023,<=25
101213,1433,Male,16,Patna,Electronics,Smartwatch,1,19203.78,20,2023-03-27,65.4,2,2.0,UPI,6707.506249999999,1.0,15363.02,2023-03,2023,<=25
101750,1377,Male,35,Ahmedabad,Beauty,Hair Dryer,1,581.45,10,2023-01-02,82.43,5,4.0,UPI,581.45,1.0,523.31,2023-01,2023,26-35
100252,1119,Female,24,Hyderabad,Home & Kitchen,Cookware Set,1,4933.32,15,2023-06-13,149.1,4,4.0,Cash On Delivery,4933.32,1.0,4193.32,2023-06,2023,<=25
101839,1288,Female,38,Chennai,Beauty,Shampoo,5,1099.83,0,2023-06-02,153.58,3,1.0,Cash On Delivery,1099.83,3.5,5499.15,2023-06,2023,36-45
101328,1353,Female,28,Mumbai,Beauty,Lipstick,1,404.5,5,2024-02-08,36.03,1,4.0,Cash On Delivery,404.5,1.0,384.28,2024-02,2024,26-35
101923,1148,Male,27,Hyderabad,Sports,Football,2,2504.05,10,2023-03-04,90.76,6,5.0,Debit Card,2504.05,2.0,4507.29,2023-03,2023,26-35
100983,1383,Male,56,Delhi,Sports,Running Shoes,1,2985.21,30,2023-09-17,86.5,5,2.0,Debit Card,2985.21,1.0,2089.65,2023-09,2023,56+
101792,1087,Male,18,Pune,Fashion,Jacket,1,1315.41,0,2024-02-01,46.37,4,1.0,Net Banking,1315.41,1.0,1315.41,2024-02,2024,<=25
100707,1460,Male,30,Pune,Beauty,Face Cream,1,426.98,0,2023-10-28,0.0,7,3.0,Net Banking,426.98,1.0,426.98,2023-10,2023,26-35
100488,1048,Female,16,Delhi,Beauty,Perfume,1,668.16,15,2024-01-05,95.31,3,5.0,Debit Card,668.16,1.0,567.94,2024-01,2024,<=25
100274,1320,Female,26,Patna,Home & Kitchen,Cookware Set,5,1320.05,15,2024-06-07,78.7,7,4.0,Net Banking,1320.05,3.5,5610.21,2024-06,2024,26-35
101521,1373,Male,16,Pune,Sports,Football,2,1737.27,20,2024-04-12,34.67,3,5.0,Net Banking,1737.27,2.0,2779.63,2024-04,2024,<=25
100964,1059,Female,47,Kolkata,Home & Kitchen,Bedsheet,2,1088.09,20,2024-10-08,41.63,4,5.0,Cash On Delivery,1088.09,2.0,1740.94,2024-10,2024,46-55
100878,1043,Female,47,Delhi,Electronics,Headphones,1,4391.12,20,2023-02-16,79.59,6,4.0,Net Banking,4391.12,1.0,3512.9,2023-02,2023,46-55
101498,1323,Male,34,Patna,Sports,Yoga Mat,1,2002.31,30,2024-03-06,64.95,2,4.0,Debit Card,2002.31,1.0,1401.62,2024-03,2024,26-35
101832,1284,Female,42,Patna,Books,Comic,1,674.55,0,2024-09-18,15.07,4,4.0,Debit Card,674.55,1.0,674.55,2024-09,2024,36-45
100412,1183,Other,27,Pune,Electronics,Laptop,1,11977.27,15,2024-12-18,123.45,3,4.0,Net Banking,6707.506249999999,1.0,10180.68,2024-12,2024,26-35
100668,1478,Male,24,Ahmedabad,Beauty,Hair Dryer,1,834.83,5,2023-05-03,72.68,3,1.0,Debit Card,834.83,1.0,793.09,2023-05,2023,<=25
101263,1011,Male,36,Chennai,Sports,Dumbbells,1,2279.27,0,2023-09-15,38.04,7,5.0,UPI,2279.27,1.0,2279.27,2023-09,2023,36-45
100150,1137,Female,41,Mumbai,Books,Cookbook,1,151.22,0,2023-03-04,81.86,6,3.0,Credit Card,151.22,1.0,151.22,2023-03,2023,36-45
100645,1168,Female,52,Pune,Sports,Running Shoes,1,3678.16,20,2023-09-14,33.25,4,4.0,Net Banking,3678.16,1.0,2942.53,2023-09,2023,46-55
101623,1183,Male,22,Patna,Beauty,Hair Dryer,2,1317.64,20,2024-01-03,97.67,8,2.0,Cash On Delivery,1317.64,2.0,2108.22,2024-01,2024,<=25
100219,1425,Male,32,Jaipur,Sports,Football,3,3115.04,15,2023-03-19,52.04,5,5.0,Credit Card,3115.04,3.0,7943.35,2023-03,2023,26-35
100240,1117,Female,35,Ahmedabad,Books,Comic,1,440.16,0,2024-07-10,136.45,4,4.0,Debit Card,440.16,1.0,440.16,2024-07,2024,26-35
101217,1463,Male,25,Mumbai,Electronics,Laptop,1,15760.89,30,2024-10-21,91.6,3,4.0,Credit Card,6707.506249999999,1.0,11032.62,2024-10,2024,<=25
100793,1253,Female,16,Kolkata,Electronics,Laptop,1,5219.56,30,2023-04-08,145.58,8,4.0,Debit Card,5219.56,1.0,3653.69,2023-04,2023,<=25
100192,1379,Male,35,Bangalore,Fashion,T-Shirt,1,1481.9,5,2023-09-07,96.29,5,3.0,Debit Card,1481.9,1.0,1407.8,2023-09,2023,26-35
100334,1141,Male,29,Bangalore,Electronics,Headphones,1,15697.18,10,2024-12-21,51.95,5,4.0,Net Banking,6707.506249999999,1.0,14127.46,2024-12,2024,26-35
101335,1283,Female,36,Ahmedabad,Beauty,Shampoo,1,336.64,20,2024-12-23,133.72,5,4.0,Net Banking,336.64,1.0,269.31,2024-12,2024,36-45
101559,1285,Male,25,Delhi,Electronics,Tablet,3,14861.47,0,2024-11-27,114.77,1,4.0,UPI,6707.506249999999,3.0,44584.41,2024-11,2024,<=25
100963,1475,Male,27,Hyderabad,Electronics,Smartphone,1,20397.63,20,2024-10-03,84.56,6,4.0,Debit Card,6707.506249999999,1.0,16318.1,2024-10,2024,26-35
101334,1422,Female,26,Hyderabad,Beauty,Face Cream,2,881.02,25,2023-02-10,48.68,4,5.0,UPI,881.02,2.0,1321.53,2023-02,2023,26-35
101971,1399,Male,40,Pune,Fashion,Jeans,3,2399.12,0,2023-02-15,79.39500000000001,6,5.0,UPI,2399.12,3.0,7197.36,2023-02,2023,36-45
101687,1202,Female,57,Ahmedabad,Home & Kitchen,Bedsheet,1,2799.93,10,2023-10-29,80.98,6,3.0,Cash On Delivery,2799.93,1.0,2519.94,2023-10,2023,56+
101635,1116,Male,46,Delhi,Sports,Running Shoes,1,2234.81,30,2024-04-23,54.57,4,4.0,UPI,2234.81,1.0,1564.37,2024-04,2024,46-55
100583,1132,Female,35,Hyderabad,Electronics,Smartwatch,2,15587.79,0,2023-04-27,51.3,4,4.0,Net Banking,6707.506249999999,2.0,31175.58,2023-04,2023,26-35
101929,1199,Male,39,Mumbai,Home & Kitchen,Mixer Grinder,1,3544.84,0,2024-09-09,57.83,4,2.0,Credit Card,3544.84,1.0,3544.84,2024-09,2024,36-45
101449,1435,Female,25,Kolkata,Sports,Cricket Bat,1,2886.85,25,2023-11-23,116.71,3,1.0,Credit Card,2886.85,1.0,2165.14,2023-11,2023,<=25
100840,1382,Female,39,Mumbai,Beauty,Face Cream,1,634.91,0,2024-09-07,87.35,7,5.0,UPI,634.91,1.0,634.91,2024-09,2024,36-45
100628,1190,Female,21,Mumbai,Electronics,Headphones,1,13078.86,5,2023-06-27,21.81,3,4.0,Cash On Delivery,6707.506249999999,1.0,12424.92,2023-06,2023,<=25
100324,1496,Female,32,Patna,Home & Kitchen,Cookware Set,1,3573.17,20,2023-12-09,54.98,7,5.0,Credit Card,3573.17,1.0,2858.54,2023-12,2023,26-35
101661,1157,Male,30,Hyderabad,Fashion,T-Shirt,3,1412.46,10,2023-09-18,86.33,2,4.0,UPI,1412.46,3.0,3813.64,2023-09,2023,26-35
101161,1115,Female,45,Delhi,Fashion,Sneakers,1,1535.39,0,2023-04-03,83.01,5,5.0,Net Banking,1535.39,1.0,1535.39,2023-04,2023,36-45
100779,1064,Female,47,Mumbai,Sports,Yoga Mat,3,2201.58,10,2024-08-27,77.83,6,1.0,Cash On Delivery,2201.58,3.0,5944.27,2024-08,2024,46-55
101077,1039,Female,25,Ahmedabad,Beauty,Face Cream,3,811.93,15,2023-05-08,38.67,3,4.0,Cash On Delivery,811.93,3.0,2070.42,2023-05,2023,<=25
100940,1378,Male,34,Delhi,Fashion,Jeans,1,1094.07,0,2024-11-21,61.24,5,3.0,Credit Card,1094.07,1.0,1094.07,2024-11,2024,26-35
100438,1059,Male,31,Hyderabad,Electronics,Laptop,2,3236.3,0,2024-09-22,115.99,6,4.0,Credit Card,3236.3,2.0,6472.6,2024-09,2024,26-35
100120,1283,Male,34,Pune,Books,Cookbook,1,515.39,0,2023-11-14,0.0,5,5.0,Net Banking,515.39,1.0,515.39,2023-11,2023,26-35
101853,1302,Other,16,Hyderabad,Electronics,Headphones,1,15537.81,0,2023-11-22,60.78,9,5.0,Net Banking,6707.506249999999,1.0,15537.81,2023-11,2023,<=25
101601,1075,Male,30,Bangalore,Home & Kitchen,Cookware Set,1,2843.58,0,2023-11-22,81.59,6,4.0,Net Banking,2843.58,1.0,2843.58,2023-11,2023,26-35
101027,1063,Female,28,Patna,Fashion,Jacket,1,1027.67,10,2023-08-27,82.13,5,5.0,Debit Card,1027.67,1.0,924.9,2023-08,2023,26-35
101254,1209,Female,38,Ahmedabad,Fashion,Jacket,1,1577.63,5,2023-12-11,3.64,2,4.0,UPI,1577.63,1.0,1498.75,2023-12,2023,36-45
101533,1297,Female,26,Chennai,Sports,Dumbbells,1,1501.36,5,2024-10-29,36.19,4,3.0,Credit Card,1501.36,1.0,1426.29,2024-10,2024,26-35
100077,1234,Other,29,Mumbai,Sports,Yoga Mat,1,1186.54,15,2024-04-15,81.24,4,5.0,Cash On Delivery,1186.54,1.0,1008.56,2024-04,2024,26-35
101054,1238,Male,22,Delhi,Electronics,Tablet,1,15440.39,10,2024-11-22,45.02,2,5.0,UPI,6707.506249999999,1.0,13896.35,2024-11,2024,<=25
100901,1032,Male,40,Mumbai,Sports,Yoga Mat,1,3063.36,15,2024-07-05,147.97,3,4.0,Cash On Delivery,3063.36,1.0,2603.86,2024-07,2024,36-45
100372,1177,Male,23,Ahmedabad,Sports,Running Shoes,3,2444.3,5,2023-11-05,61.53,6,4.0,Cash On Delivery,2444.3,3.0,6966.26,2023-11,2023,<=25
101883,1489,Female,46,Bangalore,Books,Textbook,1,412.26,5,2024-09-06,32.24,1,5.0,UPI,412.26,1.0,391.65,2024-09,2024,46-55
101456,1362,Male,41,Bangalore,Books,Biography,1,515.64,30,2024-09-16,30.03,5,3.0,Net Banking,515.64,1.0,360.95,2024-09,2024,36-45
101998,1182,Female,50,Chennai,Sports,Running Shoes,2,1397.88,5,2024-06-10,79.01,1,2.0,Debit Card,1397.88,2.0,2655.97,2024-06,2024,46-55
100942,1093,Male,40,Kolkata,Fashion,Handbag,1,1777.07,5,2024-02-01,44.19,2,4.0,Debit Card,1777.07,1.0,1688.22,2024-02,2024,36-45
100578,1269,Male,48,Ahmedabad,Electronics,Smartphone,1,12455.62,15,2024-04-09,45.88,4,3.0,Cash On Delivery,6707.506249999999,1.0,10587.28,2024-04,2024,46-55
100820,1283,Female,45,Mumbai,Sports,Yoga Mat,1,1640.94,5,2024-09-14,79.39500000000001,4,2.0,Credit Card,1640.94,1.0,1558.89,2024-09,2024,36-45
101908,1220,Other,18,Jaipur,Electronics,Laptop,1,15810.31,0,2024-11-22,113.22,6,5.0,Credit Card,6707.506249999999,1.0,15810.31,2024-11,2024,<=25
101505,1415,Female,34,Patna,Fashion,Jeans,1,963.8,15,2023-01-09,52.37,6,3.0,UPI,963.8,1.0,819.23,2023-01,2023,26-35
101752,1300,Other,59,Patna,Electronics,Tablet,1,19377.03,25,2023-09-06,66.68,1,3.0,Net Banking,6707.506249999999,1.0,14532.77,2023-09,2023,56+
101714,1448,Female,54,Delhi,Home & Kitchen,Lamp,1,2156.59,15,2024-06-27,52.3,8,5.0,Debit Card,2156.59,1.0,1833.1,2024-06,2024,46-55
100887,1047,Female,29,Ahmedabad,Sports,Cricket Bat,1,804.79,0,2024-09-10,84.33,6,3.0,Cash On Delivery,804.79,1.0,804.79,2024-09,2024,26-35
100969,1285,Female,55,Delhi,Beauty,Perfume,1,1115.07,5,2023-01-22,81.8,2,5.0,Net Banking,1115.07,1.0,1059.32,2023-01,2023,46-55
101823,1060,Male,23,Pune,Sports,Football,4,3038.94,0,2024-01-08,73.69,7,5.0,Net Banking,3038.94,3.5,12155.76,2024-01,2024,<=25
100786,1115,Male,32,Mumbai,Home & Kitchen,Cookware Set,1,5109.13,10,2024-03-01,88.39,3,4.0,Credit Card,5109.13,1.0,4598.22,2024-03,2024,26-35
101643,1253,Female,27,Mumbai,Sports,Yoga Mat,1,2170.64,20,2024-11-10,0.0,4,5.0,Credit Card,2170.64,1.0,1736.51,2024-11,2024,26-35
101627,1182,Female,45,Bangalore,Home & Kitchen,Mixer Grinder,1,3441.57,10,2024-03-08,88.12,1,1.0,Cash On Delivery,3441.57,1.0,3097.41,2024-03,2024,36-45
100302,1093,Female,39,Patna,Fashion,T-Shirt,1,1479.56,20,2023-04-11,66.95,4,1.0,UPI,1479.56,1.0,1183.65,2023-04,2023,36-45
100690,1243,Male,39,Patna,Electronics,Laptop,1,11981.15,5,2023-12-09,73.83,7,5.0,Credit Card,6707.506249999999,1.0,11382.09,2023-12,2023,36-45
100813,1054,Female,16,Jaipur,Electronics,Laptop,1,20317.5,0,2024-08-01,128.45,7,4.0,Net Banking,6707.506249999999,1.0,20317.5,2024-08,2024,<=25
101062,1233,Male,28,Delhi,Beauty,Face Cream,2,1086.97,0,2024-03-27,79.18,5,4.0,Debit Card,1086.97,2.0,2173.94,2024-03,2024,26-35
100237,1456,Female,50,Jaipur,Home & Kitchen,Cookware Set,1,4190.25,10,2024-06-05,7.62,5,3.0,UPI,4190.25,1.0,3771.22,2024-06,2024,46-55
101116,1153,Male,62,Chennai,Beauty,Hair Dryer,3,852.62,0,2023-06-02,53.67,4,3.0,UPI,852.62,3.0,2557.86,2023-06,2023,56+
101369,1371,Male,20,Hyderabad,Books,Novel,1,426.23,0,2023-03-22,19.24,6,5.0,UPI,426.23,1.0,426.23,2023-03,2023,<=25
100500,1237,Female,43,Ahmedabad,Home & Kitchen,Vacuum Cleaner,1,3005.2,15,2023-12-17,81.23,2,4.0,Debit Card,3005.2,1.0,2554.42,2023-12,2023,36-45
101675,1149,Male,41,Hyderabad,Home & Kitchen,Cookware Set,2,4680.91,0,2024-12-30,79.39500000000001,6,2.0,Cash On Delivery,4680.91,2.0,9361.82,2024-12,2024,36-45
101080,1246,Male,28,Bangalore,Books,Cookbook,1,440.18,20,2024-06-09,105.81,7,2.0,Debit Card,440.18,1.0,352.14,2024-06,2024,26-35
101327,1256,Male,44,Chennai,Beauty,Face Cream,1,500.7,10,2024-04-16,110.37,9,5.0,Net Banking,500.7,1.0,450.63,2024-04,2024,36-45
100795,1164,Male,33,Mumbai,Books,Cookbook,1,403.14,20,2023-05-28,96.07,6,5.0,UPI,403.14,1.0,322.51,2023-05,2023,26-35
101944,1446,Female,39,Mumbai,Electronics,Smartphone,1,19520.27,0,2024-12-07,148.54,6,5.0,Cash On Delivery,6707.506249999999,1.0,19520.27,2024-12,2024,36-45
101968,1296,Other,30,Mumbai,Home & Kitchen,Bedsheet,1,3440.16,0,2024-02-23,95.89,4,5.0,Credit Card,3440.16,1.0,3440.16,2024-02,2024,26-35
101975,1105,Male,30,Pune,Books,Comic,1,282.8,0,2024-01-16,75.34,6,4.0,Net Banking,282.8,1.0,282.8,2024-01,2024,26-35
100991,1453,Male,29,Chennai,Home & Kitchen,Mixer Grinder,2,2871.65,0,2023-08-31,0.0,4,4.0,Credit Card,2871.65,2.0,5743.3,2023-08,2023,26-35
101385,1080,Male,39,Pune,Books,Novel,1,557.47,5,2024-10-14,153.63,3,5.0,Cash On Delivery,557.47,1.0,529.6,2024-10,2024,36-45
100935,1378,Female,22,Kolkata,Books,Textbook,1,543.99,0,2024-07-23,14.45,2,5.0,Net Banking,543.99,1.0,543.99,2024-07,2024,<=25
100388,1381,Female,35,Chennai,Fashion,Sneakers,1,428.55,15,2024-08-21,101.62,9,4.0,UPI,428.55,1.0,364.27,2024-08,2024,26-35
101484,1482,Male,34,Kolkata,Home & Kitchen,Cookware Set,2,3287.32,0,2024-11-23,51.48,1,5.0,UPI,3287.32,2.0,6574.64,2024-11,2024,26-35
100391,1008,Female,45,Pune,Books,Novel,1,498.65,10,2023-01-20,103.98,5,1.0,Cash On Delivery,498.65,1.0,448.78,2023-01,2023,36-45
100744,1003,Female,36,Mumbai,Beauty,Shampoo,1,221.04,30,2023-05-10,40.93,7,3.0,Cash On Delivery,221.04,1.0,154.73,2023-05,2023,36-45
100353,1263,Female,31,Chennai,Electronics,Headphones,1,21467.89,5,2023-05-10,69.77,6,5.0,Debit Card,6707.506249999999,1.0,20394.5,2023-05,2023,26-35
101218,1126,Male,36,Hyderabad,Beauty,Lipstick,2,712.83,20,2024-03-27,51.62,7,2.0,Debit Card,712.83,2.0,1140.53,2024-03,2024,36-45
100236,1393,Male,33,Hyderabad,Books,Comic,2,108.1,5,2023-04-09,113.58,7,5.0,UPI,108.1,2.0,205.39,2023-04,2023,26-35
101726,1152,Female,44,Bangalore,Home & Kitchen,Vacuum Cleaner,2,3880.96,5,2023-03-11,127.9,6,3.0,Credit Card,3880.96,2.0,7373.82,2023-03,2023,36-45
100481,1425,Male,32,Ahmedabad,Beauty,Face Cream,3,666.07,10,2023-04-17,70.6,2,3.0,Debit Card,666.07,3.0,1798.39,2023-04,2023,26-35
100568,1230,Female,43,Delhi,Sports,Cricket Bat,1,1258.95,25,2024-01-01,146.99,5,5.0,Net Banking,1258.95,1.0,944.21,2024-01,2024,36-45
101141,1345,Female,29,Delhi,Electronics,Headphones,1,8774.62,5,2024-03-17,61.5,5,3.0,Debit Card,6707.506249999999,1.0,8335.89,2024-03,2024,26-35
101701,1135,Male,32,Pune,Beauty,Shampoo,1,1044.91,10,2023-10-29,16.28,6,4.0,Credit Card,1044.91,1.0,940.42,2023-10,2023,26-35
101884,1017,Male,43,Chennai,Books,Comic,1,632.41,10,2024-11-29,79.67,5,4.0,Net Banking,632.41,1.0,569.17,2024-11,2024,36-45
101583,1264,Male,33,Chennai,Home & Kitchen,Mixer Grinder,1,5471.48,0,2024-05-08,77.49,5,1.0,Credit Card,5471.48,1.0,5471.48,2024-05,2024,26-35
100121,1038,Female,21,Jaipur,Books,Biography,1,407.49,0,2023-10-12,110.15,4,4.0,Net Banking,407.49,1.0,407.49,2023-10,2023,<=25
101389,1152,Other,32,Bangalore,Beauty,Perfume,1,781.6,15,2023-07-17,88.18,1,3.0,UPI,781.6,1.0,664.36,2023-07,2023,26-35
101747,1086,Male,65,Hyderabad,Electronics,Laptop,1,16460.13,20,2024-03-13,129.88,5,5.0,Credit Card,6707.506249999999,1.0,13168.1,2024-03,2024,56+
101025,1367,Female,37,Mumbai,Fashion,Jeans,2,2465.68,10,2024-03-30,55.08,5,5.0,Cash On Delivery,2465.68,2.0,4438.22,2024-03,2024,36-45
101087,1343,Female,28,Ahmedabad,Beauty,Face Cream,1,616.2,5,2024-03-22,48.6,4,3.0,UPI,616.2,1.0,585.39,2024-03,2024,26-35
101273,1238,Other,48,Jaipur,Fashion,Jeans,1,1440.79,5,2023-04-23,123.91,3,4.0,Net Banking,1440.79,1.0,1368.75,2023-04,2023,46-55
100927,1258,Male,26,Pune,Fashion,Handbag,1,948.46,0,2023-08-12,130.11,8,1.0,Credit Card,948.46,1.0,948.46,2023-08,2023,26-35
100516,1388,Female,34,Delhi,Books,Biography,1,333.57,0,2023-10-21,99.61,8,2.0,Credit Card,333.57,1.0,333.57,2023-10,2023,26-35
100224,1391,Male,35,Mumbai,Books,Comic,1,397.64,0,2023-06-14,39.27,5,4.0,Debit Card,397.64,1.0,397.64,2023-06,2023,26-35
101492,1071,Male,42,Bangalore,Beauty,Hair Dryer,1,676.39,30,2024-01-01,30.52,5,5.0,UPI,676.39,1.0,473.47,2024-01,2024,36-45
100844,1090,Male,42,Delhi,Home & Kitchen,Cookware Set,1,3097.12,5,2023-08-10,39.15,4,5.0,Cash On Delivery,3097.12,1.0,2942.26,2023-08,2023,36-45
101246,1346,Male,42,Chennai,Home & Kitchen,Cookware Set,4,1890.3,0,2024-05-29,128.96,5,4.0,Net Banking,1890.3,3.5,7561.2,2024-05,2024,36-45
100053,1060,Male,24,Ahmedabad,Electronics,Laptop,1,16755.05,0,2023-01-07,109.58,4,5.0,Debit Card,6707.506249999999,1.0,16755.05,2023-01,2023,<=25
101863,1459,Female,26,Delhi,Beauty,Perfume,1,1008.72,25,2024-10-26,183.68,6,4.0,Cash On Delivery,1008.72,1.0,756.54,2024-10,2024,26-35
100486,1367,Male,35,Pune,Fashion,Jeans,2,840.78,0,2023-07-18,89.57,6,3.0,Debit Card,840.78,2.0,1681.56,2023-07,2023,26-35
101935,1308,Female,44,Ahmedabad,Fashion,Jacket,1,2149.36,20,2023-04-02,51.98,9,3.0,Debit Card,2149.36,1.0,1719.49,2023-04,2023,36-45
100819,1158,Female,21,Mumbai,Fashion,Sneakers,1,1273.64,0,2023-02-20,79.39500000000001,2,4.0,Debit Card,1273.64,1.0,1273.64,2023-02,2023,<=25
100156,1467,Male,16,Ahmedabad,Books,Textbook,1,324.71,0,2023-11-27,58.47,5,4.0,Debit Card,324.71,1.0,324.71,2023-11,2023,<=25
100601,1145,Male,25,Chennai,Sports,Running Shoes,1,2707.37,5,2024-06-06,84.72,1,3.0,Cash On Delivery,2707.37,1.0,2572.0,2024-06,2024,<=25
101621,1199,Other,51,Hyderabad,Beauty,Hair Dryer,3,474.36,20,2024-04-05,57.89,4,3.0,Net Banking,474.36,3.0,1138.46,2024-04,2024,46-55
100249,1054,Female,30,Delhi,Books,Comic,1,533.61,10,2023-11-15,45.52,6,4.0,Net Banking,533.61,1.0,480.25,2023-11,2023,26-35
100762,1427,Female,31,Pune,Home & Kitchen,Lamp,1,3243.53,20,2024-05-10,40.04,5,5.0,Debit Card,3243.53,1.0,2594.82,2024-05,2024,26-35
101847,1374,Male,41,Delhi,Electronics,Tablet,1,9934.83,10,2024-11-03,101.24,7,4.0,UPI,6707.506249999999,1.0,8941.35,2024-11,2024,36-45
101131,1037,Male,36,Pune,Sports,Yoga Mat,1,1582.51,5,2023-02-08,70.81,7,3.0,UPI,1582.51,1.0,1503.38,2023-02,2023,36-45
100543,1072,Female,50,Kolkata,Home & Kitchen,Lamp,2,5118.7,15,2024-11-02,80.9,2,2.0,Credit Card,5118.7,2.0,8701.79,2024-11,2024,46-55
100794,1041,Male,20,Hyderabad,Sports,Running Shoes,1,2859.8,15,2024-02-26,0.0,3,4.0,UPI,2859.8,1.0,2430.83,2024-02,2024,<=25
101142,1333,Male,30,Patna,Fashion,T-Shirt,1,1623.9,15,2023-03-25,102.56,2,5.0,Debit Card,1623.9,1.0,1380.32,2023-03,2023,26-35
101470,1362,Male,33,Bangalore,Beauty,Lipstick,1,980.15,30,2023-06-27,75.15,7,5.0,Debit Card,980.15,1.0,686.1,2023-06,2023,26-35
100629,1218,Male,26,Patna,Fashion,Sneakers,1,1236.77,10,2024-06-21,17.38,8,5.0,Net Banking,1236.77,1.0,1113.09,2024-06,2024,26-35
100151,1196,Female,16,Jaipur,Electronics,Laptop,2,16969.08,5,2023-03-14,85.84,4,5.0,Net Banking,6707.506249999999,2.0,32241.25,2023-03,2023,<=25
101660,1134,Female,37,Hyderabad,Beauty,Face Cream,1,800.02,15,2023-09-25,24.9,5,1.0,Net Banking,800.02,1.0,680.02,2023-09,2023,36-45
100292,1084,Male,31,Kolkata,Home & Kitchen,Mixer Grinder,1,2266.87,30,2023-06-26,107.06,3,5.0,Debit Card,2266.87,1.0,1586.81,2023-06,2023,26-35
100382,1444,Female,34,Mumbai,Sports,Running Shoes,2,1573.63,20,2024-05-31,92.21,4,5.0,Credit Card,1573.63,2.0,2517.81,2024-05,2024,26-35
100687,1344,Male,41,Pune,Sports,Running Shoes,2,2144.68,15,2023-10-06,73.34,7,3.0,UPI,2144.68,2.0,3645.96,2023-10,2023,36-45
101368,1122,Male,27,Hyderabad,Fashion,Jeans,1,1537.0,0,2023-02-10,21.95,6,4.0,Net Banking,1537.0,1.0,1537.0,2023-02,2023,26-35
101225,1028,Other,40,Mumbai,Home & Kitchen,Bedsheet,1,1897.1,30,2024-12-26,101.18,2,4.0,Cash On Delivery,1897.1,1.0,1327.97,2024-12,2024,36-45
100898,1099,Female,16,Delhi,Electronics,Smartwatch,1,17413.66,30,2023-09-02,0.0,6,4.0,Cash On Delivery,6707.506249999999,1.0,12189.56,2023-09,2023,<=25
100855,1172,Male,33,Delhi,Home & Kitchen,Vacuum Cleaner,1,6395.17,15,2024-11-08,106.93,3,2.0,UPI,6395.17,1.0,5435.89,2024-11,2024,26-35
101072,1271,Male,36,Hyderabad,Beauty,Perfume,1,484.8,0,2024-06-01,59.83,2,4.0,Net Banking,484.8,1.0,484.8,2024-06,2024,36-45
101483,1071,Male,27,Pune,Books,Biography,1,398.1,25,2023-05-06,113.51,2,4.0,Debit Card,398.1,1.0,298.58,2023-05,2023,26-35
101544,1455,Female,22,Chennai,Beauty,Shampoo,2,726.66,10,2023-05-15,90.67,6,4.0,Credit Card,726.66,2.0,1307.99,2023-05,2023,<=25
101707,1060,Female,37,Chennai,Fashion,Jacket,2,620.3,5,2024-02-05,79.39500000000001,6,4.0,Cash On Delivery,620.3,2.0,1178.57,2024-02,2024,36-45
100892,1336,Male,54,Ahmedabad,Books,Cookbook,1,503.3,25,2023-06-26,61.43,6,5.0,Net Banking,503.3,1.0,377.48,2023-06,2023,46-55
101776,1043,Female,37,Pune,Home & Kitchen,Cookware Set,1,1920.84,0,2024-03-28,34.09,1,4.0,Net Banking,1920.84,1.0,1920.84,2024-03,2024,36-45
101365,1295,Female,39,Chennai,Sports,Yoga Mat,2,2653.85,0,2023-12-31,80.25,3,4.0,Net Banking,2653.85,2.0,5307.7,2023-12,2023,36-45
100616,1183,Female,21,Mumbai,Home & Kitchen,Mixer Grinder,1,4443.65,0,2024-04-16,7.58,8,4.0,Cash On Delivery,4443.65,1.0,4443.65,2024-04,2024,<=25
100155,1307,Male,26,Ahmedabad,Beauty,Perfume,3,352.55,5,2023-07-02,15.4,6,5.0,Net Banking,352.55,3.0,1004.77,2023-07,2023,26-35
101194,1413,Male,32,Chennai,Books,Biography,2,308.04,10,2024-06-12,56.7,4,5.0,UPI,308.04,2.0,554.47,2024-06,2024,26-35
101733,1151,Male,42,Patna,Books,Cookbook,1,228.94,10,2023-04-10,79.39500000000001,2,2.0,Credit Card,228.94,1.0,206.05,2023-04,2023,36-45
101265,1356,Male,35,Pune,Beauty,Perfume,2,1135.64,15,2023-03-02,96.19,4,4.0,Debit Card,1135.64,2.0,1930.59,2023-03,2023,26-35
101800,1330,Male,59,Hyderabad,Sports,Running Shoes,1,2833.74,15,2023-11-27,97.63,2,5.0,Credit Card,2833.74,1.0,2408.68,2023-11,2023,56+
100323,1299,Female,34,Patna,Sports,Football,2,2755.52,20,2024-04-02,132.89,6,4.0,UPI,2755.52,2.0,4408.83,2024-04,2024,26-35
101565,1060,Male,36,Hyderabad,Books,Novel,1,445.53,10,2023-06-15,142.76,5,4.0,Credit Card,445.53,1.0,400.98,2023-06,2023,36-45
100083,1294,Male,35,Delhi,Fashion,Sneakers,2,186.61,15,2023-10-21,63.66,5,3.0,UPI,186.61,2.0,317.24,2023-10,2023,26-35
100513,1114,Female,42,Chennai,Books,Biography,1,390.88,25,2024-01-18,93.5,2,4.0,Debit Card,390.88,1.0,293.16,2024-01,2024,36-45
101543,1296,Male,41,Mumbai,Electronics,Tablet,1,26688.64,10,2024-06-20,78.35,4,4.0,Cash On Delivery,6707.506249999999,1.0,24019.78,2024-06,2024,36-45
101509,1065,Male,38,Hyderabad,Sports,Running Shoes,3,1710.76,0,2023-12-15,117.95,8,4.0,Cash On Delivery,1710.76,3.0,5132.28,2023-12,2023,36-45
100930,1102,Female,43,Chennai,Home & Kitchen,Vacuum Cleaner,1,1962.7,0,2023-06-04,85.45,5,4.0,Net Banking,1962.7,1.0,1962.7,2023-06,2023,36-45
101651,1105,Male,16,Bangalore,Books,Cookbook,1,470.84,0,2024-05-27,118.67,6,5.0,Credit Card,470.84,1.0,470.84,2024-05,2024,<=25
101358,1130,Other,51,Hyderabad,Fashion,Handbag,1,1390.66,25,2024-06-22,48.17,7,5.0,Cash On Delivery,1390.66,1.0,1043.0,2024-06,2024,46-55
100011,1360,Female,27,Patna,Home & Kitchen,Vacuum Cleaner,2,3075.74,10,2023-08-14,144.07,4,2.0,Net Banking,3075.74,2.0,5536.33,2023-08,2023,26-35
100832,1127,Female,52,Bangalore,Sports,Dumbbells,1,2072.29,0,2024-08-03,127.47,10,5.0,Net Banking,2072.29,1.0,2072.29,2024-08,2024,46-55
100033,1258,Female,27,Kolkata,Books,Novel,1,178.58,15,2024-06-16,57.16,6,4.0,UPI,178.58,1.0,151.79,2024-06,2024,26-35
101785,1496,Female,37,Delhi,Fashion,Jacket,1,1806.25,0,2023-07-06,0.0,7,5.0,UPI,1806.25,1.0,1806.25,2023-07,2023,36-45
100414,1331,Female,44,Pune,Sports,Football,1,2150.99,25,2023-02-22,82.36,3,4.0,Net Banking,2150.99,1.0,1613.24,2023-02,2023,36-45
100581,1158,Female,72,Mumbai,Beauty,Perfume,1,766.64,25,2023-06-28,0.0,6,5.0,UPI,766.64,1.0,574.98,2023-06,2023,56+
101407,1388,Male,56,Delhi,Electronics,Smartwatch,1,16887.02,0,2024-08-15,92.68,3,4.0,Net Banking,6707.506249999999,1.0,16887.02,2024-08,2024,56+
101568,1115,Female,26,Mumbai,Books,Novel,2,445.46,15,2023-03-07,131.73,6,4.0,Net Banking,445.46,2.0,757.28,2023-03,2023,26-35
101507,1025,Male,46,Jaipur,Books,Novel,1,7322.3153753429615,10,2023-09-13,131.25,5,4.0,Debit Card,6707.506249999999,1.0,6590.08,2023-09,2023,46-55
101926,1204,Female,23,Mumbai,Fashion,T-Shirt,2,1291.4,15,2023-05-30,75.73,2,4.0,Net Banking,1291.4,2.0,2195.38,2023-05,2023,<=25
100615,1426,Male,28,Pune,Electronics,Laptop,1,11885.93,0,2024-07-16,41.38,1,5.0,Net Banking,6707.506249999999,1.0,11885.93,2024-07,2024,26-35
101046,1303,Male,16,Pune,Sports,Dumbbells,1,2151.74,25,2024-07-15,66.5,3,4.0,Net Banking,2151.74,1.0,1613.8,2024-07,2024,<=25
101403,1336,Female,35,Patna,Books,Textbook,2,368.38,0,2023-05-28,127.68,7,5.0,Credit Card,368.38,2.0,736.76,2023-05,2023,26-35
101015,1076,Male,57,Kolkata,Beauty,Perfume,1,878.83,20,2023-08-28,18.83,5,2.0,Debit Card,878.83,1.0,703.06,2023-08,2023,56+
100090,1413,Female,22,Bangalore,Fashion,Jacket,5,1481.3,5,2024-10-03,116.97,5,3.0,Credit Card,1481.3,3.5,7036.17,2024-10,2024,<=25
101720,1303,Female,50,Kolkata,Books,Cookbook,1,294.01,15,2023-08-23,142.24,5,4.0,Debit Card,294.01,1.0,249.91,2023-08,2023,46-55
100602,1359,Female,61,Pune,Electronics,Smartphone,1,22606.9,5,2024-04-11,118.95,3,3.0,UPI,6707.506249999999,1.0,21476.56,2024-04,2024,56+
101238,1094,Male,30,Hyderabad,Books,Cookbook,1,250.79,10,2023-01-21,40.28,1,4.0,Debit Card,250.79,1.0,225.71,2023-01,2023,26-35
101858,1499,Female,21,Jaipur,Books,Biography,1,389.79,25,2024-05-27,0.0,5,3.0,Net Banking,389.79,1.0,292.34,2024-05,2024,<=25
100134,1138,Female,48,Jaipur,Books,Biography,1,450.48,0,2024-06-09,91.6,9,4.0,Net Banking,450.48,1.0,450.48,2024-06,2024,46-55
101371,1477,Female,34,Patna,Books,Comic,1,551.81,10,2023-07-21,143.59,7,5.0,Credit Card,551.81,1.0,496.63,2023-07,2023,26-35
100556,1408,Female,22,Pune,Fashion,Jeans,1,1401.05,0,2024-02-05,79.39500000000001,5,4.0,UPI,1401.05,1.0,1401.05,2024-02,2024,<=25
101032,1244,Female,38,Pune,Sports,Cricket Bat,1,961.75,20,2024-10-06,136.85,4,3.0,Cash On Delivery,961.75,1.0,769.4,2024-10,2024,36-45
101584,1101,Male,29,Hyderabad,Electronics,Tablet,1,4647.51,5,2024-07-23,138.38,5,5.0,Debit Card,4647.51,1.0,4415.13,2024-07,2024,26-35
100321,1073,Male,41,Chennai,Books,Biography,1,485.5,10,2024-01-16,80.74,4,3.0,Net Banking,485.5,1.0,436.95,2024-01,2024,36-45
101791,1133,Female,55,Chennai,Beauty,Hair Dryer,2,1461.53,0,2023-03-30,139.7,4,4.0,Cash On Delivery,1461.53,2.0,2923.06,2023-03,2023,46-55
101212,1015,Female,45,Jaipur,Home & Kitchen,Vacuum Cleaner,1,1378.72,5,2024-01-02,0.0,3,4.0,Net Banking,1378.72,1.0,1309.78,2024-01,2024,36-45
101758,1413,Female,31,Jaipur,Electronics,Tablet,2,19477.62,25,2023-03-27,112.5,9,5.0,Credit Card,6707.506249999999,2.0,29216.43,2023-03,2023,26-35
100635,1491,Male,22,Ahmedabad,Fashion,Jeans,1,2675.74,15,2023-05-12,141.86,5,5.0,Credit Card,2675.74,1.0,2274.38,2023-05,2023,<=25
100553,1236,Male,50,Patna,Home & Kitchen,Mixer Grinder,1,2585.25,15,2023-05-09,49.98,7,3.0,Debit Card,2585.25,1.0,2197.46,2023-05,2023,46-55
101329,1027,Female,40,Mumbai,Home & Kitchen,Mixer Grinder,1,3651.49,15,2024-07-11,71.76,2,5.0,Debit Card,3651.49,1.0,3103.77,2024-07,2024,36-45
101056,1494,Female,43,Pune,Fashion,Handbag,2,1675.86,0,2024-12-03,129.97,6,4.0,UPI,1675.86,2.0,3351.72,2024-12,2024,36-45
101577,1279,Male,35,Mumbai,Fashion,Jacket,1,917.93,10,2023-09-18,58.79,6,5.0,Debit Card,917.93,1.0,826.14,2023-09,2023,26-35
100797,1028,Male,33,Patna,Sports,Football,2,2040.01,15,2024-01-17,72.49,6,2.0,Cash On Delivery,2040.01,2.0,3468.02,2024-01,2024,26-35
101681,1388,Male,16,Pune,Home & Kitchen,Cookware Set,3,1168.18,0,2023-01-25,100.03,6,5.0,Credit Card,1168.18,3.0,3504.54,2023-01,2023,<=25
101731,1498,Female,59,Hyderabad,Beauty,Shampoo,1,927.85,15,2024-07-02,55.57,4,5.0,Debit Card,927.85,1.0,788.67,2024-07,2024,56+
100175,1315,Female,41,Pune,Electronics,Smartphone,1,10888.31,0,2023-05-11,56.74,1,4.0,Credit Card,6707.506249999999,1.0,10888.31,2023-05,2023,36-45
100767,1058,Male,35,Pune,Books,Biography,1,373.12,10,2023-01-10,104.26,3,1.0,Credit Card,373.12,1.0,335.81,2023-01,2023,26-35
100246,1258,Female,22,Chennai,Sports,Cricket Bat,2,1756.83,20,2023-08-13,64.02,4,1.0,Credit Card,1756.83,2.0,2810.93,2023-08,2023,<=25
101081,1498,Male,43,Bangalore,Sports,Dumbbells,1,2154.25,0,2024-03-11,36.01,6,4.0,UPI,2154.25,1.0,2154.25,2024-03,2024,36-45
101757,1099,Male,35,Ahmedabad,Electronics,Smartwatch,1,11779.79,25,2024-08-06,44.85,5,4.0,UPI,6707.506249999999,1.0,8834.84,2024-08,2024,26-35
100146,1493,Male,32,Kolkata,Beauty,Shampoo,2,796.38,0,2024-05-08,121.15,1,1.0,Credit Card,796.38,2.0,1592.76,2024-05,2024,26-35
100091,1393,Male,42,Hyderabad,Beauty,Perfume,1,508.36,15,2024-04-25,97.75,5,4.0,UPI,508.36,1.0,432.11,2024-04,2024,36-45
101417,1489,Female,47,Mumbai,Beauty,Perfume,4,804.8,10,2024-04-28,24.48,8,4.0,UPI,804.8,3.5,2897.28,2024-04,2024,46-55
100683,1062,Male,31,Mumbai,Books,Comic,1,288.97,25,2023-10-23,73.53,6,2.0,Cash On Delivery,288.97,1.0,216.73,2023-10,2023,26-35
100311,1297,Male,23,Chennai,Electronics,Smartphone,2,8270.28,5,2023-01-16,84.99,4,5.0,Net Banking,6707.506249999999,2.0,15713.53,2023-01,2023,<=25
101384,1384,Male,32,Chennai,Beauty,Hair Dryer,1,624.74,10,2024-05-27,91.71,3,5.0,Debit Card,624.74,1.0,562.27,2024-05,2024,26-35
100094,1348,Male,35,Kolkata,Sports,Yoga Mat,1,2469.06,15,2023-08-11,79.39500000000001,7,5.0,Credit Card,2469.06,1.0,2098.7,2023-08,2023,26-35
101730,1180,Female,32,Jaipur,Beauty,Lipstick,1,583.4,10,2023-03-23,112.34,7,3.0,Cash On Delivery,583.4,1.0,525.06,2023-03,2023,26-35
100925,1489,Male,39,Delhi,Beauty,Hair Dryer,5,572.12,25,2024-10-17,33.36,4,5.0,Debit Card,572.12,3.5,2145.45,2024-10,2024,36-45
101706,1396,Female,45,Delhi,Sports,Yoga Mat,3,2504.88,15,2023-07-01,41.74,7,4.0,Net Banking,2504.88,3.0,6387.44,2023-07,2023,36-45
101036,1378,Female,31,Mumbai,Sports,Running Shoes,1,926.16,0,2024-11-10,50.91,4,5.0,Net Banking,926.16,1.0,926.16,2024-11,2024,26-35
101401,1224,Other,42,Bangalore,Electronics,Smartphone,2,19705.72,0,2024-03-07,93.78,7,5.0,Net Banking,6707.506249999999,2.0,39411.44,2024-03,2024,36-45
100244,1471,Female,27,Patna,Sports,Cricket Bat,2,1938.47,15,2023-01-16,79.39500000000001,8,3.0,UPI,1938.47,2.0,3295.4,2023-01,2023,26-35
101501,1314,Female,39,Mumbai,Electronics,Tablet,1,419741.4972423116,10,2024-07-16,35.55,9,5.0,UPI,6707.506249999999,1.0,377767.35,2024-07,2024,36-45
101112,1381,Male,16,Chennai,Beauty,Lipstick,1,742.91,5,2024-09-13,57.46,6,3.0,Debit Card,742.91,1.0,705.76,2024-09,2024,<=25
100215,1020,Female,52,Mumbai,Beauty,Face Cream,2,1079.91,0,2023-11-15,79.39500000000001,4,4.0,Credit Card,1079.91,2.0,2159.82,2023-11,2023,46-55
101198,1070,Female,38,Kolkata,Beauty,Shampoo,1,861.91,15,2024-09-24,96.58,1,4.0,Cash On Delivery,861.91,1.0,732.62,2024-09,2024,36-45
100999,1143,Male,60,Kolkata,Home & Kitchen,Mixer Grinder,1,1893.21,30,2023-11-06,64.06,5,3.0,Debit Card,1893.21,1.0,1325.25,2023-11,2023,56+
100854,1101,Male,44,Jaipur,Home & Kitchen,Lamp,1,2826.76,0,2023-01-27,4.84,6,5.0,Credit Card,2826.76,1.0,2826.76,2023-01,2023,36-45
100426,1031,Male,43,Mumbai,Electronics,Headphones,1,14716.11,10,2024-06-28,79.39500000000001,7,4.0,Debit Card,6707.506249999999,1.0,13244.5,2024-06,2024,36-45
101783,1180,Female,34,Delhi,Electronics,Smartphone,1,17361.72,5,2023-11-13,52.57,6,5.0,Credit Card,6707.506249999999,1.0,16493.63,2023-11,2023,26-35
101143,1244,Male,18,Jaipur,Beauty,Perfume,2,949.61,0,2024-06-04,117.91,6,4.0,UPI,949.61,2.0,1899.22,2024-06,2024,<=25
101144,1172,Male,27,Ahmedabad,Home & Kitchen,Mixer Grinder,1,2445.71,0,2023-10-29,95.93,8,4.0,Credit Card,2445.71,1.0,2445.71,2023-10,2023,26-35
100227,1390,Male,27,Hyderabad,Books,Novel,1,131.68,20,2023-09-20,32.44,3,3.0,Net Banking,131.68,1.0,105.34,2023-09,2023,26-35
101646,1081,Male,28,Chennai,Electronics,Laptop,1,4230.73,5,2023-06-09,101.01,5,4.0,Net Banking,4230.73,1.0,4019.19,2023-06,2023,26-35
100001,1044,Male,35,Pune,Electronics,Smartwatch,4,4757.07,20,2024-06-07,79.33,3,4.0,Net Banking,4757.07,3.5,15222.62,2024-06,2024,26-35
101419,1259,Female,66,Hyderabad,Fashion,Sneakers,1,1423.61,15,2024-12-03,48.46,8,5.0,Cash On Delivery,1423.61,1.0,1210.07,2024-12,2024,56+
100402,1366,Female,16,Delhi,Beauty,Shampoo,1,945.35,5,2024-05-11,21.42,2,5.0,Credit Card,945.35,1.0,898.08,2024-05,2024,<=25
101429,1382,Female,40,Jaipur,Sports,Football,1,2319.17,25,2023-02-09,132.08,5,5.0,Debit Card,2319.17,1.0,1739.38,2023-02,2023,36-45
101104,1322,Female,27,Hyderabad,Beauty,Face Cream,3,571.45,25,2023-09-15,102.63,2,5.0,Net Banking,571.45,3.0,1285.76,2023-09,2023,26-35
100085,1116,Male,35,Ahmedabad,Fashion,Handbag,1,1105.33,10,2023-05-16,79.39500000000001,7,5.0,Debit Card,1105.33,1.0,994.8,2023-05,2023,26-35
100163,1169,Female,62,Chennai,Electronics,Smartwatch,1,15369.7,15,2024-02-13,37.71,2,4.0,Net Banking,6707.506249999999,1.0,13064.24,2024-02,2024,56+
100115,1163,Female,16,Kolkata,Books,Cookbook,1,445.78,0,2024-04-22,104.73,8,5.0,Debit Card,445.78,1.0,445.78,2024-04,2024,<=25
100671,1154,Female,23,Chennai,Beauty,Shampoo,1,529.57,0,2023-11-07,146.97,3,3.0,UPI,529.57,1.0,529.57,2023-11,2023,<=25
101175,1376,Female,26,Mumbai,Beauty,Perfume,3,1447.38,10,2024-08-30,125.6,6,2.0,Net Banking,1447.38,3.0,3907.93,2024-08,2024,26-35
101545,1261,Female,35,Bangalore,Fashion,Jeans,1,1855.31,15,2023-12-14,97.2,3,3.0,Debit Card,1855.31,1.0,1577.01,2023-12,2023,26-35
101534,1244,Female,34,Chennai,Fashion,T-Shirt,1,2419.87,0,2024-11-23,34.69,4,3.0,Net Banking,2419.87,1.0,2419.87,2024-11,2024,26-35
101393,1484,Female,31,Jaipur,Home & Kitchen,Vacuum Cleaner,1,4828.81,10,2023-10-17,85.75,8,4.0,Cash On Delivery,4828.81,1.0,4345.93,2023-10,2023,26-35
100890,1236,Male,43,Mumbai,Fashion,Jacket,1,1588.69,0,2024-03-02,48.71,3,2.0,UPI,1588.69,1.0,1588.69,2024-03,2024,36-45
101502,1050,Male,20,Hyderabad,Books,Cookbook,4,717.83,5,2024-05-22,79.39500000000001,9,4.0,Net Banking,717.83,3.5,2727.75,2024-05,2024,<=25
100626,1350,Female,45,Bangalore,Fashion,Jacket,2,1342.33,25,2024-10-05,154.89,4,5.0,UPI,1342.33,2.0,2013.5,2024-10,2024,36-45
101982,1430,Male,30,Patna,Fashion,Jacket,1,1128.75,0,2023-08-24,121.0,5,5.0,Debit Card,1128.75,1.0,1128.75,2023-08,2023,26-35
100953,1289,Male,48,Jaipur,Books,Comic,1,282.17,10,2023-06-15,96.07,4,4.0,Cash On Delivery,282.17,1.0,253.95,2023-06,2023,46-55
100808,1132,Female,24,Pune,Books,Novel,1,608.56,0,2023-06-18,80.32,1,5.0,Debit Card,608.56,1.0,608.56,2023-06,2023,<=25
100259,1261,Male,46,Mumbai,Books,Biography,3,262.53,0,2024-07-01,3.38,5,3.0,Net Banking,262.53,3.0,787.59,2024-07,2024,46-55
100625,1351,Female,30,Chennai,Beauty,Lipstick,1,759.69,0,2023-09-06,99.56,4,5.0,Debit Card,759.69,1.0,759.69,2023-09,2023,26-35
100827,1344,Other,54,Chennai,Electronics,Tablet,1,24197.89,0,2023-06-02,126.09,7,5.0,UPI,6707.506249999999,1.0,24197.89,2023-06,2023,46-55
100235,1185,Female,40,Kolkata,Home & Kitchen,Bedsheet,1,2663.43,20,2023-12-25,67.52,9,4.0,Credit Card,2663.43,1.0,2130.74,2023-12,2023,36-45
100136,1217,Female,26,Hyderabad,Sports,Dumbbells,2,2321.79,10,2023-02-03,25.59,2,5.0,Net Banking,2321.79,2.0,4179.22,2023-02,2023,26-35
100617,1291,Male,26,Hyderabad,Fashion,Sneakers,1,1280.35,15,2023-09-12,73.11,6,5.0,Cash On Delivery,1280.35,1.0,1088.3,2023-09,2023,26-35
101948,1258,Female,50,Chennai,Sports,Dumbbells,1,2926.75,10,2023-07-14,45.64,7,4.0,Cash On Delivery,2926.75,1.0,2634.08,2023-07,2023,46-55
101983,1248,Male,43,Pune,Books,Novel,1,389.81,0,2024-07-20,106.49,3,1.0,Credit Card,389.81,1.0,389.81,2024-07,2024,36-45
100837,1109,Male,23,Ahmedabad,Fashion,Sneakers,3,1737.31,25,2023-07-02,75.22,6,4.0,Credit Card,1737.31,3.0,3908.95,2023-07,2023,<=25
100843,1437,Female,39,Hyderabad,Books,Cookbook,1,284.98,20,2023-11-03,98.81,2,4.0,UPI,284.98,1.0,227.98,2023-11,2023,36-45
100960,1393,Female,36,Jaipur,Home & Kitchen,Mixer Grinder,3,3956.24,10,2024-10-20,101.48,3,5.0,Debit Card,3956.24,3.0,10681.85,2024-10,2024,36-45
100593,1298,Female,23,Kolkata,Sports,Cricket Bat,3,1032.89,15,2023-01-24,70.04,2,4.0,UPI,1032.89,3.0,2633.87,2023-01,2023,<=25
101315,1040,Male,16,Jaipur,Fashion,Jeans,1,427.49,15,2024-09-18,123.37,4,5.0,Credit Card,427.49,1.0,363.37,2024-09,2024,<=25
101526,1328,Male,57,Pune,Home & Kitchen,Bedsheet,2,2696.67,10,2023-02-10,87.9,5,2.0,Debit Card,2696.67,2.0,4854.01,2023-02,2023,56+
101292,1143,Female,54,Hyderabad,Beauty,Lipstick,1,694.57,25,2023-10-10,131.1,4,4.0,Debit Card,694.57,1.0,520.93,2023-10,2023,46-55
100344,1226,Female,43,Hyderabad,Fashion,Jacket,1,1978.39,10,2023-06-11,105.3,5,4.0,Credit Card,1978.39,1.0,1780.55,2023-06,2023,36-45
101669,1202,Female,48,Chennai,Beauty,Perfume,2,776.18,15,2023-01-25,69.58,5,4.0,Cash On Delivery,776.18,2.0,1319.51,2023-01,2023,46-55
101594,1223,Male,66,Patna,Beauty,Perfume,1,953.42,15,2023-04-16,113.78,4,4.0,UPI,953.42,1.0,810.41,2023-04,2023,56+
100294,1206,Female,39,Bangalore,Fashion,Handbag,1,713.53,10,2023-05-23,25.28,3,2.0,Credit Card,713.53,1.0,642.18,2023-05,2023,36-45
100365,1447,Female,34,Kolkata,Sports,Running Shoes,1,3668.7,0,2023-09-07,119.53,1,5.0,Debit Card,3668.7,1.0,3668.7,2023-09,2023,26-35
100179,1364,Female,50,Kolkata,Electronics,Laptop,1,23422.2,25,2024-07-27,47.94,2,3.0,Debit Card,6707.506249999999,1.0,17566.65,2024-07,2024,46-55
100660,1405,Male,36,Pune,Fashion,Jeans,1,1277.76,15,2023-08-23,57.68,11,5.0,Debit Card,1277.76,1.0,1086.1,2023-08,2023,36-45
100997,1385,Male,16,Ahmedabad,Sports,Dumbbells,1,2044.95,25,2023-10-04,42.87,2,3.0,UPI,2044.95,1.0,1533.71,2023-10,2023,<=25
100015,1059,Female,56,Bangalore,Books,Textbook,3,537.58,0,2023-06-22,50.99,9,5.0,Credit Card,537.58,3.0,1612.74,2023-06,2023,56+
101111,1496,Female,40,Patna,Beauty,Perfume,1,701.9,0,2023-01-08,58.89,6,5.0,UPI,701.9,1.0,701.9,2023-01,2023,36-45
101395,1112,Female,25,Delhi,Beauty,Hair Dryer,1,1057.37,0,2024-04-10,88.17,3,5.0,Debit Card,1057.37,1.0,1057.37,2024-04,2024,<=25
100166,1294,Male,16,Mumbai,Beauty,Face Cream,2,876.68,15,2024-06-01,66.91,4,5.0,Credit Card,876.68,2.0,1490.36,2024-06,2024,<=25
101901,1267,Male,31,Chennai,Home & Kitchen,Cookware Set,1,4306.7,5,2024-11-13,79.35,4,5.0,UPI,4306.7,1.0,4091.36,2024-11,2024,26-35
101360,1316,Female,35,Delhi,Books,Textbook,1,519.3,10,2024-05-09,80.64,2,4.0,Net Banking,519.3,1.0,467.37,2024-05,2024,26-35
100060,1451,Female,35,Bangalore,Electronics,Laptop,1,14002.9,0,2024-05-07,20.22,6,5.0,Debit Card,6707.506249999999,1.0,14002.9,2024-05,2024,26-35
100710,1023,Female,27,Pune,Sports,Yoga Mat,1,1102.22,0,2024-09-07,50.0,4,4.0,UPI,1102.22,1.0,1102.22,2024-09,2024,26-35
100677,1463,Female,35,Patna,Home & Kitchen,Mixer Grinder,2,2983.43,0,2023-09-25,68.9,1,5.0,UPI,2983.43,2.0,5966.86,2023-09,2023,26-35
101379,1365,Female,27,Mumbai,Books,Textbook,2,439.85,0,2024-01-23,70.56,5,4.0,Net Banking,439.85,2.0,879.7,2024-01,2024,26-35
100781,1102,Male,23,Patna,Electronics,Laptop,1,22682.21,5,2024-03-16,135.83,6,4.0,Cash On Delivery,6707.506249999999,1.0,21548.1,2024-03,2024,<=25
100425,1129,Male,53,Mumbai,Beauty,Lipstick,1,718.04,20,2023-12-04,114.75,4,4.0,Debit Card,718.04,1.0,574.43,2023-12,2023,46-55
100293,1473,Female,23,Chennai,Electronics,Smartphone,1,20587.1,20,2024-03-23,111.07,1,4.0,Cash On Delivery,6707.506249999999,1.0,16469.68,2024-03,2024,<=25
101066,1354,Female,21,Hyderabad,Sports,Running Shoes,1,3041.45,25,2023-03-20,128.66,6,4.0,Cash On Delivery,3041.45,1.0,2281.09,2023-03,2023,<=25
100330,1455,Male,43,Patna,Books,Novel,1,450.86,25,2024-01-27,4.08,5,5.0,Credit Card,450.86,1.0,338.14,2024-01,2024,36-45
100430,1457,Female,34,Jaipur,Home & Kitchen,Vacuum Cleaner,1,2938.28,5,2024-01-28,42.21,6,5.0,Net Banking,2938.28,1.0,2791.37,2024-01,2024,26-35
101013,1417,Female,54,Delhi,Home & Kitchen,Cookware Set,2,2749.61,15,2023-11-26,52.31,1,2.0,Net Banking,2749.61,2.0,4674.34,2023-11,2023,46-55
100080,1252,Male,35,Kolkata,Home & Kitchen,Cookware Set,1,3014.68,15,2023-02-04,106.66,3,2.0,Debit Card,3014.68,1.0,2562.48,2023-02,2023,26-35
101053,1432,Female,29,Patna,Sports,Football,1,2127.91,15,2023-12-14,86.99,4,5.0,UPI,2127.91,1.0,1808.72,2023-12,2023,26-35
100938,1467,Female,47,Mumbai,Beauty,Lipstick,1,1014.86,10,2023-05-23,91.32,4,5.0,Credit Card,1014.86,1.0,913.37,2023-05,2023,46-55
100835,1449,Male,35,Kolkata,Books,Cookbook,1,599.92,5,2023-10-18,22.52,7,4.0,Net Banking,599.92,1.0,569.92,2023-10,2023,26-35
100750,1073,Male,51,Patna,Sports,Football,1,791.45,15,2024-04-09,47.02,4,4.0,Debit Card,791.45,1.0,672.73,2024-04,2024,46-55
100891,1468,Male,30,Kolkata,Fashion,T-Shirt,1,1206.26,20,2023-09-20,34.78,2,5.0,Net Banking,1206.26,1.0,965.01,2023-09,2023,26-35
100255,1054,Male,44,Jaipur,Beauty,Face Cream,5,605.55,15,2023-02-11,58.32,3,5.0,UPI,605.55,3.5,2573.59,2023-02,2023,36-45
101755,1415,Male,47,Ahmedabad,Home & Kitchen,Mixer Grinder,1,764.36,30,2023-04-27,143.19,4,5.0,Net Banking,764.36,1.0,535.05,2023-04,2023,46-55
101980,1391,Male,46,Mumbai,Sports,Yoga Mat,98,1434.33,10,2024-01-22,91.27,1,3.0,UPI,1434.33,3.5,126507.91,2024-01,2024,46-55
101408,1468,Female,17,Bangalore,Fashion,Sneakers,1,1350.16,10,2024-05-24,149.22,4,5.0,Credit Card,1350.16,1.0,1215.14,2024-05,2024,<=25
101338,1182,Female,41,Pune,Home & Kitchen,Bedsheet,1,56989.00529860532,10,2024-04-24,101.24,4,4.0,Cash On Delivery,6707.506249999999,1.0,51290.1,2024-04,2024,36-45
101109,1303,Male,18,Hyderabad,Electronics,Smartwatch,1,11021.65,15,2023-03-06,125.99,5,5.0,Net Banking,6707.506249999999,1.0,9368.4,2023-03,2023,<=25
100137,1174,Male,34,Mumbai,Electronics,Smartwatch,1,13998.51,0,2023-03-14,64.37,8,3.0,Net Banking,6707.506249999999,1.0,13998.51,2023-03,2023,26-35
101136,1122,Female,34,Mumbai,Home & Kitchen,Lamp,1,1197.89,10,2023-10-22,94.69,5,5.0,UPI,1197.89,1.0,1078.1,2023-10,2023,26-35
101219,1087,Male,43,Hyderabad,Home & Kitchen,Cookware Set,1,3947.08,5,2023-09-18,78.08,3,5.0,Net Banking,3947.08,1.0,3749.73,2023-09,2023,36-45
100853,1276,Female,25,Mumbai,Beauty,Shampoo,2,571.15,5,2023-04-16,84.83,8,4.0,UPI,571.15,2.0,1085.18,2023-04,2023,<=25
101203,1311,Female,20,Mumbai,Electronics,Tablet,1,15208.75,10,2024-05-16,47.19,6,4.0,Debit Card,6707.506249999999,1.0,13687.88,2024-05,2024,<=25
101907,1390,Male,46,Delhi,Electronics,Smartphone,4,15922.82,25,2023-03-27,65.97,4,3.0,Debit Card,6707.506249999999,3.5,47768.46,2023-03,2023,46-55
100724,1293,Female,54,Bangalore,Fashion,Jeans,1,1495.69,5,2023-07-22,62.72,9,4.0,Cash On Delivery,1495.69,1.0,1420.91,2023-07,2023,46-55
100860,1412,Male,39,Ahmedabad,Books,Novel,1,311.92,0,2024-08-19,63.5,2,4.0,UPI,311.92,1.0,311.92,2024-08,2024,36-45
100970,1291,Female,31,Delhi,Books,Biography,2,695.61,10,2023-10-11,54.37,4,5.0,Credit Card,695.61,2.0,1252.1,2023-10,2023,26-35
100497,1113,Male,27,Delhi,Beauty,Lipstick,1,1051.26,25,2024-01-22,67.34,4,5.0,Debit Card,1051.26,1.0,788.44,2024-01,2024,26-35
100951,1198,Male,44,Pune,Fashion,Jacket,1,1362.69,30,2024-01-16,34.6,3,5.0,Cash On Delivery,1362.69,1.0,953.88,2024-01,2024,36-45
100806,1237,Female,36,Kolkata,Electronics,Laptop,1,21489.76,15,2024-06-12,82.24,2,4.0,Cash On Delivery,6707.506249999999,1.0,18266.3,2024-06,2024,36-45
100130,1157,Male,57,Mumbai,Sports,Dumbbells,3,1872.25,30,2023-01-30,67.04,4,2.0,Debit Card,1872.25,3.0,3931.72,2023-01,2023,56+
100338,1322,Male,39,Bangalore,Sports,Cricket Bat,2,3340.8,5,2024-09-20,96.1,4,2.0,Cash On Delivery,3340.8,2.0,6347.52,2024-09,2024,36-45
100609,1152,Male,42,Delhi,Home & Kitchen,Mixer Grinder,1,1316.85,10,2023-03-24,86.48,5,5.0,Net Banking,1316.85,1.0,1185.16,2023-03,2023,36-45
101149,1467,Female,41,Mumbai,Home & Kitchen,Bedsheet,3,3254.17,0,2023-10-14,23.64,5,5.0,Debit Card,3254.17,3.0,9762.51,2023-10,2023,36-45
100196,1024,Male,37,Ahmedabad,Books,Biography,1,477.72,10,2023-12-08,78.88,5,4.0,Debit Card,477.72,1.0,429.95,2023-12,2023,36-45
101251,1102,Male,47,Ahmedabad,Electronics,Headphones,1,11325.91,0,2023-09-17,120.72,5,5.0,Net Banking,6707.506249999999,1.0,11325.91,2023-09,2023,46-55
101293,1163,Other,38,Mumbai,Home & Kitchen,Cookware Set,1,5486.01,0,2024-09-07,38.56,4,5.0,Credit Card,5486.01,1.0,5486.01,2024-09,2024,36-45
102000,1151,Female,38,Jaipur,Home & Kitchen,Mixer Grinder,1,2560.78,20,2023-04-05,69.32,9,5.0,Credit Card,2560.78,1.0,2048.62,2023-04,2023,36-45
100910,1004,Female,32,Pune,Books,Cookbook,4,397.66,15,2024-01-11,102.54,5,3.0,Cash On Delivery,397.66,3.5,1352.04,2024-01,2024,26-35
100585,1452,Male,56,Pune,Home & Kitchen,Cookware Set,1,2934.93,25,2024-08-02,25.13,4,3.0,Net Banking,2934.93,1.0,2201.2,2024-08,2024,56+
100104,1357,Female,32,Ahmedabad,Fashion,T-Shirt,1,1541.47,0,2023-08-13,40.45,5,1.0,UPI,1541.47,1.0,1541.47,2023-08,2023,26-35
101618,1279,Female,54,Bangalore,Electronics,Laptop,1,17646.49,25,2024-02-03,80.8,2,4.0,Cash On Delivery,6707.506249999999,1.0,13234.87,2024-02,2024,46-55
101870,1184,Female,49,Hyderabad,Home & Kitchen,Lamp,1,4062.44,30,2023-09-06,86.3,4,5.0,Credit Card,4062.44,1.0,2843.71,2023-09,2023,46-55
101889,1238,Female,33,Chennai,Home & Kitchen,Mixer Grinder,5,4101.38,25,2024-06-03,38.81,5,5.0,Cash On Delivery,4101.38,3.5,15380.18,2024-06,2024,26-35
100720,1104,Female,32,Mumbai,Fashion,Jacket,2,1376.66,30,2023-10-31,103.88,4,5.0,Cash On Delivery,1376.66,2.0,1927.32,2023-10,2023,26-35
100885,1079,Male,43,Bangalore,Fashion,T-Shirt,1,2309.24,15,2023-07-09,79.39500000000001,6,2.0,Debit Card,2309.24,1.0,1962.85,2023-07,2023,36-45
100777,1432,Male,40,Chennai,Home & Kitchen,Vacuum Cleaner,1,3809.03,0,2023-01-26,85.87,6,3.0,Net Banking,3809.03,1.0,3809.03,2023-01,2023,36-45
101570,1475,Male,19,Bangalore,Fashion,Jeans,3,635.12,15,2024-12-08,118.19,5,3.0,Net Banking,635.12,3.0,1619.56,2024-12,2024,<=25
100850,1378,Male,16,Kolkata,Books,Textbook,1,205.11,0,2024-03-22,79.39500000000001,2,4.0,Cash On Delivery,205.11,1.0,205.11,2024-03,2024,<=25
100895,1467,Male,48,Ahmedabad,Home & Kitchen,Cookware Set,1,1207.68,0,2024-07-28,127.47,6,4.0,Cash On Delivery,1207.68,1.0,1207.68,2024-07,2024,46-55
100228,1175,Female,42,Mumbai,Sports,Football,1,1677.28,25,2023-02-06,43.7,5,4.0,Cash On Delivery,1677.28,1.0,1257.96,2023-02,2023,36-45
101903,1200,Male,47,Mumbai,Sports,Yoga Mat,1,1635.99,10,2024-05-06,55.57,3,4.0,Debit Card,1635.99,1.0,1472.39,2024-05,2024,46-55
101326,1241,Female,29,Delhi,Books,Textbook,1,457.18,20,2024-11-01,92.64,6,5.0,UPI,457.18,1.0,365.74,2024-11,2024,26-35
101300,1112,Female,43,Jaipur,Sports,Football,1,2031.63,5,2023-04-14,127.59,5,2.0,Credit Card,2031.63,1.0,1930.05,2023-04,2023,36-45
100127,1396,Male,35,Kolkata,Fashion,Jeans,1,1300.66,30,2023-05-26,129.83,6,4.0,Credit Card,1300.66,1.0,910.46,2023-05,2023,26-35
100406,1372,Male,50,Mumbai,Books,Biography,2,270.76,20,2023-11-22,61.42,2,4.0,Credit Card,270.76,2.0,433.22,2023-11,2023,46-55
100776,1481,Female,37,Hyderabad,Home & Kitchen,Vacuum Cleaner,1,3470.9,20,2024-12-18,70.97,2,4.0,Net Banking,3470.9,1.0,2776.72,2024-12,2024,36-45
100822,1058,Female,56,Patna,Home & Kitchen,Cookware Set,1,2812.79,15,2024-02-23,103.33,7,4.0,Net Banking,2812.79,1.0,2390.87,2024-02,2024,56+
100712,1368,Male,46,Pune,Sports,Dumbbells,2,2825.55,15,2023-02-27,71.04,1,3.0,UPI,2825.55,2.0,4803.44,2023-02,2023,46-55
101911,1257,Female,22,Jaipur,Beauty,Lipstick,1,287.81,0,2024-12-07,47.37,5,2.0,Cash On Delivery,287.81,1.0,287.81,2024-12,2024,<=25
101061,1014,Female,39,Mumbai,Home & Kitchen,Lamp,4,3468.56,5,2023-07-22,119.91,6,4.0,Debit Card,3468.56,3.5,13180.53,2023-07,2023,36-45
101164,1380,Female,33,Pune,Electronics,Smartphone,1,14063.75,20,2023-10-26,148.71,2,5.0,Debit Card,6707.506249999999,1.0,11251.0,2023-10,2023,26-35
100304,1137,Female,47,Chennai,Sports,Dumbbells,1,1280.05,0,2023-09-29,102.16,3,5.0,UPI,1280.05,1.0,1280.05,2023-09,2023,46-55
100268,1455,Female,35,Mumbai,Books,Biography,1,513.2,10,2024-12-25,58.52,4,2.0,Credit Card,513.2,1.0,461.88,2024-12,2024,26-35
101558,1114,Female,32,Bangalore,Electronics,Headphones,1,22304.85,0,2023-12-06,56.0,7,4.0,Net Banking,6707.506249999999,1.0,22304.85,2023-12,2023,26-35
100546,1369,Male,40,Bangalore,Sports,Yoga Mat,5,1770.48,10,2023-12-07,85.42,8,3.0,Debit Card,1770.48,3.5,7967.16,2023-12,2023,36-45
100213,1235,Male,29,Chennai,Books,Biography,5,401.87,0,2024-02-22,91.17,7,5.0,Cash On Delivery,401.87,3.5,2009.35,2024-02,2024,26-35
100897,1123,Male,38,Ahmedabad,Electronics,Laptop,2,13913.93,25,2024-08-10,113.68,2,4.0,Debit Card,6707.506249999999,2.0,20870.9,2024-08,2024,36-45
101493,1080,Male,23,Mumbai,Books,Cookbook,1,569.74,15,2023-07-23,16.44,2,2.0,Net Banking,569.74,1.0,484.28,2023-07,2023,<=25
101223,1129,Male,39,Bangalore,Electronics,Smartphone,3,18049.47,0,2023-10-20,19.78,8,5.0,UPI,6707.506249999999,3.0,54148.41,2023-10,2023,36-45
100917,1144,Female,45,Kolkata,Books,Textbook,1,350.38,5,2024-01-07,18.49,6,5.0,UPI,350.38,1.0,332.86,2024-01,2024,36-45
101552,1005,Female,17,Jaipur,Fashion,Jacket,1,1639.81,25,2023-07-06,106.12,5,5.0,Cash On Delivery,1639.81,1.0,1229.86,2023-07,2023,<=25
100676,1028,Male,34,Pune,Home & Kitchen,Mixer Grinder,4,3340.14,30,2023-07-15,50.78,4,5.0,Net Banking,3340.14,3.5,9352.39,2023-07,2023,26-35
101290,1209,Female,33,Kolkata,Fashion,Jeans,1,2556.81,30,2024-07-02,80.37,4,5.0,Net Banking,2556.81,1.0,1789.77,2024-07,2024,26-35
100815,1259,Other,40,Patna,Home & Kitchen,Bedsheet,1,4846.83,20,2023-01-22,73.11,2,4.0,Cash On Delivery,4846.83,1.0,3877.46,2023-01,2023,36-45
101266,1493,Female,57,Patna,Beauty,Shampoo,1,793.26,15,2023-06-25,23.0,2,5.0,Debit Card,793.26,1.0,674.27,2023-06,2023,56+
100343,1059,Female,40,Hyderabad,Beauty,Lipstick,1,758.82,0,2023-02-26,110.77,5,3.0,Net Banking,758.82,1.0,758.82,2023-02,2023,36-45
100550,1058,Male,17,Chennai,Sports,Running Shoes,1,54.93,5,2023-01-26,79.39500000000001,7,4.0,Net Banking,54.93,1.0,52.18,2023-01,2023,<=25
101411,1070,Male,28,Patna,Home & Kitchen,Cookware Set,2,3025.43,0,2024-07-23,96.74,7,3.0,UPI,3025.43,2.0,6050.86,2024-07,2024,26-35
101215,1019,Male,31,Kolkata,Fashion,Jacket,1,2065.51,15,2024-01-24,148.82,4,4.0,Credit Card,2065.51,1.0,1755.68,2024-01,2024,26-35
100967,1225,Female,40,Hyderabad,Home & Kitchen,Bedsheet,1,3325.61,5,2023-03-27,69.65,5,4.0,UPI,3325.61,1.0,3159.33,2023-03,2023,36-45
101231,1089,Female,37,Bangalore,Electronics,Smartphone,1,8192.71,0,2023-02-12,88.8,7,5.0,Debit Card,6707.506249999999,1.0,8192.71,2023-02,2023,36-45
100296,1284,Female,48,Pune,Home & Kitchen,Bedsheet,1,4159.72,15,2023-12-13,92.82,7,3.0,Credit Card,4159.72,1.0,3535.76,2023-12,2023,46-55
100696,1385,Male,16,Chennai,Beauty,Perfume,1,905.71,20,2024-06-15,139.59,4,1.0,UPI,905.71,1.0,724.57,2024-06,2024,<=25
101453,1236,Male,40,Hyderabad,Electronics,Smartwatch,3,21694.15,20,2023-05-04,100.89,3,1.0,UPI,6707.506249999999,3.0,52065.96,2023-05,2023,36-45
100074,1286,Female,32,Ahmedabad,Electronics,Smartwatch,1,14206.98,10,2023-04-07,95.65,1,1.0,Debit Card,6707.506249999999,1.0,12786.28,2023-04,2023,26-35
100606,1214,Male,47,Mumbai,Books,Cookbook,1,394.46,20,2024-04-01,41.72,5,4.0,Net Banking,394.46,1.0,315.57,2024-04,2024,46-55
100105,1043,Female,32,Kolkata,Home & Kitchen,Lamp,1,4859.91,0,2023-02-17,44.23,4,5.0,Cash On Delivery,4859.91,1.0,4859.91,2023-02,2023,26-35
100646,1014,Female,41,Jaipur,Electronics,Smartwatch,4,6689.48,0,2023-04-02,31.12,2,4.0,Credit Card,6689.48,3.5,26757.92,2023-04,2023,36-45
101405,1325,Female,39,Pune,Beauty,Hair Dryer,1,597.13,10,2024-11-24,145.51,1,2.0,Credit Card,597.13,1.0,537.42,2024-11,2024,36-45
101987,1382,Female,25,Patna,Home & Kitchen,Lamp,2,1941.6,10,2024-10-16,79.39500000000001,8,5.0,UPI,1941.6,2.0,3494.88,2024-10,2024,<=25
101041,1385,Male,16,Delhi,Electronics,Smartphone,1,3012.44,0,2024-04-19,115.87,3,1.0,Net Banking,3012.44,1.0,3012.44,2024-04,2024,<=25
100440,1459,Male,17,Hyderabad,Beauty,Shampoo,1,629.52,10,2024-08-02,58.15,5,4.0,Debit Card,629.52,1.0,566.57,2024-08,2024,<=25
101020,1118,Other,38,Chennai,Sports,Running Shoes,1,2166.74,5,2024-12-19,88.69,7,4.0,Cash On Delivery,2166.74,1.0,2058.4,2024-12,2024,36-45
100092,1277,Female,39,Mumbai,Beauty,Face Cream,3,406.8,15,2023-07-22,67.9,4,4.0,Cash On Delivery,406.8,3.0,1037.34,2023-07,2023,36-45
101113,1251,Female,34,Bangalore,Fashion,Jacket,1,1760.04,0,2023-07-11,28.95,5,5.0,UPI,1760.04,1.0,1760.04,2023-07,2023,26-35
101778,1325,Female,35,Ahmedabad,Fashion,Jeans,2,2122.12,5,2023-12-25,2.93,9,5.0,Debit Card,2122.12,2.0,4032.03,2023-12,2023,26-35
100909,1136,Male,27,Jaipur,Beauty,Lipstick,1,820.67,20,2024-01-21,11.17,6,4.0,Credit Card,820.67,1.0,656.54,2024-01,2024,26-35
101475,1109,Female,21,Kolkata,Fashion,Jeans,1,1651.45,5,2023-02-07,0.0,5,5.0,Cash On Delivery,1651.45,1.0,1568.88,2023-02,2023,<=25
100103,1148,Male,42,Kolkata,Home & Kitchen,Lamp,2,1847.8,20,2024-10-23,132.14,6,5.0,Cash On Delivery,1847.8,2.0,2956.48,2024-10,2024,36-45
100239,1413,Female,40,Pune,Fashion,Jeans,2,1543.43,20,2023-01-04,46.67,9,4.0,Net Banking,1543.43,2.0,2469.49,2023-01,2023,36-45
101725,1307,Female,32,Ahmedabad,Books,Cookbook,2,458.86,20,2024-04-15,51.08,3,5.0,Credit Card,458.86,2.0,734.18,2024-04,2024,26-35
100943,1347,Female,56,Delhi,Fashion,T-Shirt,1,1370.65,25,2023-08-25,30.87,1,5.0,Net Banking,1370.65,1.0,1027.99,2023-08,2023,56+
101271,1285,Male,39,Kolkata,Beauty,Perfume,1,1184.16,0,2023-02-12,129.97,7,4.0,Credit Card,1184.16,1.0,1184.16,2023-02,2023,36-45
100939,1289,Male,34,Jaipur,Books,Biography,1,515.86,20,2023-12-27,61.14,4,4.0,Net Banking,515.86,1.0,412.69,2023-12,2023,26-35
101715,1117,Female,33,Kolkata,Beauty,Hair Dryer,1,772.96,0,2023-08-31,126.74,5,5.0,Credit Card,772.96,1.0,772.96,2023-08,2023,26-35
101182,1454,Female,36,Kolkata,Home & Kitchen,Bedsheet,1,2524.66,20,2023-06-06,97.4,5,4.0,Debit Card,2524.66,1.0,2019.73,2023-06,2023,36-45
101504,1232,Female,59,Pune,Sports,Cricket Bat,3,1209.55,0,2023-07-06,87.05,4,5.0,Debit Card,1209.55,3.0,3628.65,2023-07,2023,56+
101670,1340,Female,34,Delhi,Fashion,Sneakers,1,1394.28,5,2023-02-18,94.48,6,5.0,Net Banking,1394.28,1.0,1324.57,2023-02,2023,26-35
100006,1252,Male,52,Chennai,Home & Kitchen,Lamp,1,4016.69,20,2024-02-24,103.45,6,4.0,Net Banking,4016.69,1.0,3213.35,2024-02,2024,46-55
101838,1415,Female,46,Kolkata,Books,Novel,1,339.08,25,2023-07-03,93.31,4,4.0,Cash On Delivery,339.08,1.0,254.31,2023-07,2023,46-55
100966,1198,Female,38,Mumbai,Sports,Cricket Bat,1,1831.29,0,2023-01-09,121.43,7,4.0,UPI,1831.29,1.0,1831.29,2023-01,2023,36-45
100019,1160,Female,33,Jaipur,Books,Novel,1,597.05,15,2024-12-08,78.05,3,4.0,Credit Card,597.05,1.0,507.49,2024-12,2024,26-35
101431,1003,Female,39,Patna,Books,Comic,1,420.71,10,2024-01-11,73.01,6,4.0,Credit Card,420.71,1.0,378.64,2024-01,2024,36-45
100122,1364,Male,16,Hyderabad,Electronics,Headphones,2,8805.0,20,2023-02-20,102.62,8,1.0,Debit Card,6707.506249999999,2.0,14088.0,2023-02,2023,<=25
100662,1317,Male,36,Kolkata,Home & Kitchen,Cookware Set,1,3893.01,25,2023-05-25,29.95,4,5.0,Net Banking,3893.01,1.0,2919.76,2023-05,2023,36-45
101705,1042,Male,16,Delhi,Electronics,Smartwatch,1,16270.97,5,2024-06-16,86.54,5,5.0,Net Banking,6707.506249999999,1.0,15457.42,2024-06,2024,<=25
100275,1448,Female,36,Patna,Home & Kitchen,Bedsheet,1,2176.53,25,2024-07-30,76.41,8,4.0,Debit Card,2176.53,1.0,1632.4,2024-07,2024,36-45
100434,1158,Female,16,Kolkata,Electronics,Headphones,1,11887.14,10,2023-05-11,50.28,4,5.0,UPI,6707.506249999999,1.0,10698.43,2023-05,2023,<=25
100812,1452,Male,36,Jaipur,Electronics,Tablet,1,17301.63,5,2023-01-30,97.0,8,4.0,UPI,6707.506249999999,1.0,16436.55,2023-01,2023,36-45
101301,1498,Female,59,Chennai,Beauty,Lipstick,3,636.46,10,2024-05-21,42.36,2,4.0,UPI,636.46,3.0,1718.44,2024-05,2024,56+
101336,1094,Female,51,Delhi,Books,Biography,1,418.84,0,2024-08-17,76.86,8,1.0,Cash On Delivery,418.84,1.0,418.84,2024-08,2024,46-55
101890,1171,Male,51,Delhi,Beauty,Hair Dryer,1,870.12,10,2024-04-29,151.83,7,4.0,Credit Card,870.12,1.0,783.11,2024-04,2024,46-55
101913,1479,Male,34,Bangalore,Home & Kitchen,Lamp,2,903.21,20,2023-03-10,45.44,4,3.0,UPI,903.21,2.0,1445.14,2023-03,2023,26-35
101571,1267,Male,54,Hyderabad,Fashion,Jacket,1,1097.65,10,2023-07-01,120.14,4,4.0,Net Banking,1097.65,1.0,987.89,2023-07,2023,46-55
100182,1093,Male,37,Hyderabad,Home & Kitchen,Mixer Grinder,1,2548.02,10,2023-07-16,84.19,8,4.0,Debit Card,2548.02,1.0,2293.22,2023-07,2023,36-45
100185,1250,Female,61,Hyderabad,Sports,Yoga Mat,1,1533.89,0,2024-08-02,124.91,4,4.0,Debit Card,1533.89,1.0,1533.89,2024-08,2024,56+
100407,1003,Male,26,Mumbai,Books,Novel,1,388.47,10,2024-07-21,77.78,1,2.0,UPI,388.47,1.0,349.62,2024-07,2024,26-35
100866,1479,Female,26,Bangalore,Home & Kitchen,Vacuum Cleaner,1,3778.67,20,2024-12-29,115.1,5,5.0,Credit Card,3778.67,1.0,3022.94,2024-12,2024,26-35
101631,1159,Male,17,Ahmedabad,Books,Textbook,1,392.12,5,2023-03-27,79.83,2,4.0,UPI,392.12,1.0,372.51,2023-03,2023,<=25
100521,1171,Male,43,Jaipur,Books,Cookbook,1,120.57,15,2024-08-18,79.65,1,4.0,Cash On Delivery,120.57,1.0,102.48,2024-08,2024,36-45
101004,1426,Other,43,Delhi,Electronics,Laptop,1,18510.2,20,2024-11-17,71.38,6,5.0,Debit Card,6707.506249999999,1.0,14808.16,2024-11,2024,36-45
100381,1041,Male,23,Hyderabad,Fashion,Jacket,1,1892.09,5,2023-12-31,71.45,3,4.0,Credit Card,1892.09,1.0,1797.49,2023-12,2023,<=25
101435,1341,Male,27,Ahmedabad,Electronics,Smartphone,1,14974.45,25,2024-05-10,89.02,4,5.0,Net Banking,6707.506249999999,1.0,11230.84,2024-05,2024,26-35
101659,1460,Female,24,Kolkata,Books,Textbook,1,307.43,0,2024-09-02,163.43,10,2.0,Debit Card,307.43,1.0,307.43,2024-09,2024,<=25
101394,1067,Male,53,Ahmedabad,Sports,Running Shoes,1,1590.25,5,2024-10-01,57.7,6,5.0,UPI,1590.25,1.0,1510.74,2024-10,2024,46-55
101425,1451,Female,25,Patna,Electronics,Smartwatch,3,15123.29,15,2024-04-21,67.28,7,5.0,UPI,6707.506249999999,3.0,38564.39,2024-04,2024,<=25
101613,1271,Female,35,Pune,Sports,Yoga Mat,4,1747.3,0,2024-07-19,51.9,6,3.0,Credit Card,1747.3,3.5,6989.2,2024-07,2024,26-35
100428,1093,Male,35,Delhi,Beauty,Perfume,2,1315.06,5,2024-02-07,52.07,2,4.0,Credit Card,1315.06,2.0,2498.61,2024-02,2024,26-35
100079,1105,Male,56,Jaipur,Books,Comic,1,418.35,15,2024-02-22,51.71,6,4.0,UPI,418.35,1.0,355.6,2024-02,2024,56+
101598,1342,Male,39,Pune,Beauty,Perfume,1,838.28,0,2023-07-02,152.65,8,4.0,Cash On Delivery,838.28,1.0,838.28,2023-07,2023,36-45
101010,1283,Male,43,Patna,Sports,Football,1,973.38,15,2023-02-10,59.63,5,2.0,Credit Card,973.38,1.0,827.37,2023-02,2023,36-45
101996,1036,Male,56,Delhi,Books,Textbook,1,343.44,10,2023-01-30,79.39500000000001,7,5.0,Credit Card,343.44,1.0,309.1,2023-01,2023,56+
101662,1278,Female,18,Chennai,Fashion,T-Shirt,1,1218.17,0,2023-02-06,21.88,3,4.0,Cash On Delivery,1218.17,1.0,1218.17,2023-02,2023,<=25
100608,1272,Female,42,Chennai,Home & Kitchen,Mixer Grinder,1,1938.45,10,2023-06-09,130.08,7,4.0,Net Banking,1938.45,1.0,1744.6,2023-06,2023,36-45
101806,1059,Female,30,Mumbai,Books,Novel,2,395.24,5,2024-05-14,19.39,4,4.0,Net Banking,395.24,2.0,750.96,2024-05,2024,26-35
101845,1055,Female,38,Pune,Home & Kitchen,Bedsheet,1,1554.14,0,2024-06-12,119.17,7,5.0,Net Banking,1554.14,1.0,1554.14,2024-06,2024,36-45
101058,1084,Other,24,Chennai,Electronics,Headphones,1,9762.69,0,2024-07-03,136.54,6,5.0,Credit Card,6707.506249999999,1.0,9762.69,2024-07,2024,<=25
101441,1251,Female,23,Bangalore,Books,Biography,1,291.72,10,2023-01-17,33.76,2,1.0,Cash On Delivery,291.72,1.0,262.55,2023-01,2023,<=25
101515,1003,Female,16,Delhi,Home & Kitchen,Lamp,1,3729.34,10,2024-08-12,38.4,1,4.0,Net Banking,3729.34,1.0,3356.41,2024-08,2024,<=25
101586,1002,Male,37,Jaipur,Home & Kitchen,Mixer Grinder,2,284.64,0,2024-02-07,94.07,7,4.0,UPI,284.64,2.0,569.28,2024-02,2024,36-45
101092,1311,Male,53,Patna,Home & Kitchen,Lamp,1,3448.48,10,2023-10-24,133.73,4,4.0,Net Banking,3448.48,1.0,3103.63,2023-10,2023,46-55
101561,1017,Male,36,Chennai,Books,Comic,4,203.62,25,2024-04-17,145.85,6,3.0,Cash On Delivery,203.62,3.5,610.86,2024-04,2024,36-45
101102,1018,Male,33,Kolkata,Sports,Football,1,1704.32,25,2023-10-24,57.28,3,4.0,UPI,1704.32,1.0,1278.24,2023-10,2023,26-35
101130,1241,Female,30,Pune,Home & Kitchen,Mixer Grinder,1,2210.3,10,2024-01-05,42.87,3,3.0,Cash On Delivery,2210.3,1.0,1989.27,2024-01,2024,26-35
101236,1070,Male,52,Mumbai,Electronics,Laptop,1,17837.69,0,2023-03-12,122.57,3,2.0,Credit Card,6707.506249999999,1.0,17837.69,2023-03,2023,46-55
101788,1078,Male,36,Jaipur,Fashion,Handbag,1,1543.71,20,2023-11-06,110.87,7,4.0,Net Banking,1543.71,1.0,1234.97,2023-11,2023,36-45
100959,1349,Female,23,Kolkata,Books,Biography,1,209.92,0,2023-08-22,155.92,4,3.0,Cash On Delivery,209.92,1.0,209.92,2023-08,2023,<=25
101663,1269,Male,35,Ahmedabad,Books,Novel,1,491.11,0,2024-01-16,86.53,1,5.0,Cash On Delivery,491.11,1.0,491.11,2024-01,2024,26-35
100560,1268,Male,33,Kolkata,Home & Kitchen,Lamp,1,2578.95,30,2023-02-07,105.78,3,5.0,UPI,2578.95,1.0,1805.26,2023-02,2023,26-35
100847,1071,Female,48,Jaipur,Beauty,Hair Dryer,1,717.95,0,2024-09-14,65.03,7,5.0,UPI,717.95,1.0,717.95,2024-09,2024,46-55
101768,1386,Female,52,Delhi,Home & Kitchen,Vacuum Cleaner,1,4895.64,0,2023-12-31,136.28,6,4.0,Cash On Delivery,4895.64,1.0,4895.64,2023-12,2023,46-55
100691,1346,Male,40,Ahmedabad,Books,Novel,2,517.56,20,2024-12-26,95.06,3,4.0,Net Banking,517.56,2.0,828.1,2024-12,2024,36-45
101520,1235,Female,37,Hyderabad,Sports,Dumbbells,1,1502.01,10,2023-02-01,106.49,6,4.0,Net Banking,1502.01,1.0,1351.81,2023-02,2023,36-45
101961,1020,Male,40,Pune,Electronics,Headphones,1,12643.14,20,2023-08-18,89.78,2,4.0,Net Banking,6707.506249999999,1.0,10114.51,2023-08,2023,36-45
101888,1266,Female,29,Kolkata,Books,Comic,1,542.83,20,2024-08-10,24.78,4,5.0,UPI,542.83,1.0,434.26,2024-08,2024,26-35
100437,1442,Male,16,Delhi,Sports,Yoga Mat,1,1964.41,5,2024-05-19,67.14,2,3.0,UPI,1964.41,1.0,1866.19,2024-05,2024,<=25
100491,1405,Male,51,Hyderabad,Fashion,T-Shirt,1,984.21,25,2024-07-09,78.94,7,5.0,Credit Card,984.21,1.0,738.16,2024-07,2024,46-55
101922,1002,Female,31,Ahmedabad,Home & Kitchen,Vacuum Cleaner,1,4280.6,10,2024-07-23,54.21,6,4.0,Net Banking,4280.6,1.0,3852.54,2024-07,2024,26-35
101630,1244,Female,44,Kolkata,Books,Comic,1,432.54,30,2024-03-17,100.77,4,3.0,Net Banking,432.54,1.0,302.78,2024-03,2024,36-45
101388,1001,Male,54,Bangalore,Fashion,T-Shirt,1,2321.53,25,2024-09-06,137.62,5,5.0,UPI,2321.53,1.0,1741.15,2024-09,2024,46-55
100070,1044,Female,16,Chennai,Home & Kitchen,Mixer Grinder,1,3977.38,0,2024-10-16,79.39500000000001,5,5.0,Net Banking,3977.38,1.0,3977.38,2024-10,2024,<=25
101573,1233,Male,40,Kolkata,Fashion,Handbag,1,1864.51,15,2024-10-03,44.53,3,4.0,Net Banking,1864.51,1.0,1584.83,2024-10,2024,36-45
101185,1499,Female,33,Mumbai,Electronics,Headphones,1,7753.52,20,2023-04-03,69.18,8,5.0,Debit Card,6707.506249999999,1.0,6202.82,2023-04,2023,26-35
100012,1378,Male,51,Kolkata,Fashion,Jeans,1,1687.36,10,2024-08-02,42.94,4,4.0,Credit Card,1687.36,1.0,1518.62,2024-08,2024,46-55
100145,1112,Male,30,Ahmedabad,Sports,Yoga Mat,2,1428.4,0,2024-12-02,33.46,5,4.0,Debit Card,1428.4,2.0,2856.8,2024-12,2024,26-35
100918,1231,Female,37,Ahmedabad,Home & Kitchen,Bedsheet,3,3825.93,0,2023-06-26,47.64,2,5.0,Debit Card,3825.93,3.0,11477.79,2023-06,2023,36-45
101542,1422,Female,45,Chennai,Home & Kitchen,Vacuum Cleaner,1,3295.8,25,2023-03-21,143.59,5,5.0,Net Banking,3295.8,1.0,2471.85,2023-03,2023,36-45
101452,1016,Male,26,Mumbai,Beauty,Perfume,1,808.88,30,2024-10-14,52.99,7,4.0,Net Banking,808.88,1.0,566.22,2024-10,2024,26-35
100640,1084,Male,27,Pune,Books,Cookbook,1,699.34,20,2023-12-29,63.32,4,4.0,Net Banking,699.34,1.0,559.47,2023-12,2023,26-35
100177,1098,Other,41,Jaipur,Sports,Yoga Mat,1,50.0,15,2023-12-18,121.01,4,5.0,UPI,50.0,1.0,42.5,2023-12,2023,36-45
100995,1276,Female,39,Bangalore,Books,Comic,3,496.38,5,2023-11-09,117.28,4,5.0,Debit Card,496.38,3.0,1414.68,2023-11,2023,36-45
100441,1299,Female,49,Mumbai,Home & Kitchen,Cookware Set,2,1961.34,0,2023-03-20,88.0,1,3.0,Net Banking,1961.34,2.0,3922.68,2023-03,2023,46-55
100522,1160,Male,42,Bangalore,Sports,Cricket Bat,1,697.03,30,2024-09-21,0.48,1,3.0,Cash On Delivery,697.03,1.0,487.92,2024-09,2024,36-45
101965,1447,Male,28,Ahmedabad,Books,Comic,1,456.96,10,2024-07-16,37.42,5,3.0,Net Banking,456.96,1.0,411.26,2024-07,2024,26-35
101713,1203,Male,16,Hyderabad,Beauty,Hair Dryer,1,740.82,20,2024-01-16,32.39,5,5.0,Cash On Delivery,740.82,1.0,592.66,2024-01,2024,<=25
101005,1176,Female,53,Pune,Beauty,Hair Dryer,1,470.38,5,2023-03-16,43.27,4,3.0,Debit Card,470.38,1.0,446.86,2023-03,2023,46-55
101256,1469,Female,27,Jaipur,Fashion,Sneakers,4,1091.18,20,2023-11-16,48.59,8,5.0,UPI,1091.18,3.5,3491.78,2023-11,2023,26-35
101235,1104,Male,61,Mumbai,Electronics,Laptop,1,15847.77,5,2023-08-25,110.78,5,5.0,Debit Card,6707.506249999999,1.0,15055.38,2023-08,2023,56+
101665,1426,Male,18,Bangalore,Home & Kitchen,Bedsheet,2,1661.62,20,2023-07-15,75.33,7,5.0,UPI,1661.62,2.0,2658.59,2023-07,2023,<=25
100144,1497,Male,35,Chennai,Fashion,T-Shirt,4,1119.72,10,2023-02-13,54.87,3,3.0,Cash On Delivery,1119.72,3.5,4030.99,2023-02,2023,26-35
100754,1105,Female,32,Chennai,Fashion,T-Shirt,3,1833.05,25,2024-06-16,123.89,5,5.0,Cash On Delivery,1833.05,3.0,4124.36,2024-06,2024,26-35
100520,1146,Female,40,Pune,Fashion,Jacket,1,1599.62,0,2023-01-13,129.15,5,5.0,Credit Card,1599.62,1.0,1599.62,2023-01,2023,36-45
101323,1132,Male,32,Patna,Home & Kitchen,Bedsheet,1,3367.17,0,2024-04-15,74.95,7,2.0,UPI,3367.17,1.0,3367.17,2024-04,2024,26-35
100823,1156,Male,24,Ahmedabad,Electronics,Laptop,1,6984.85,10,2023-10-23,87.58,6,4.0,Cash On Delivery,6707.506249999999,1.0,6286.37,2023-10,2023,<=25
100429,1197,Male,20,Ahmedabad,Fashion,Sneakers,1,870.31,25,2023-06-04,55.78,8,2.0,UPI,870.31,1.0,652.73,2023-06,2023,<=25
100613,1047,Female,33,Kolkata,Fashion,Handbag,2,2244.93,10,2023-04-15,100.39,4,3.0,Net Banking,2244.93,2.0,4040.87,2023-04,2023,26-35
101506,1229,Female,30,Chennai,Sports,Football,1,2353.35,25,2024-08-25,60.69,3,5.0,UPI,2353.35,1.0,1765.01,2024-08,2024,26-35
101033,1366,Male,31,Delhi,Home & Kitchen,Lamp,1,2901.42,10,2023-09-07,97.27,1,4.0,Cash On Delivery,2901.42,1.0,2611.28,2023-09,2023,26-35
100157,1208,Male,16,Jaipur,Beauty,Hair Dryer,1,651.07,10,2023-10-26,174.98,1,1.0,Net Banking,651.07,1.0,585.96,2023-10,2023,<=25
100540,1368,Other,46,Chennai,Sports,Dumbbells,1,1975.74,0,2023-01-10,79.55,5,5.0,Net Banking,1975.74,1.0,1975.74,2023-01,2023,46-55
101531,1364,Female,35,Chennai,Sports,Dumbbells,1,1840.34,20,2023-11-01,88.88,4,5.0,Cash On Delivery,1840.34,1.0,1472.27,2023-11,2023,26-35
101461,1477,Female,53,Jaipur,Sports,Cricket Bat,1,2715.19,0,2024-03-12,41.74,4,4.0,Debit Card,2715.19,1.0,2715.19,2024-03,2024,46-55
101291,1269,Male,44,Kolkata,Sports,Cricket Bat,1,3277.9,0,2023-06-26,79.39500000000001,3,2.0,Cash On Delivery,3277.9,1.0,3277.9,2023-06,2023,36-45
100462,1169,Male,40,Jaipur,Fashion,Jacket,1,1319.79,10,2024-05-23,69.68,4,4.0,Net Banking,1319.79,1.0,1187.81,2024-05,2024,36-45
100577,1459,Male,33,Jaipur,Beauty,Shampoo,1,1042.08,15,2023-02-18,70.49,4,4.0,Net Banking,1042.08,1.0,885.77,2023-02,2023,26-35
101363,1258,Male,39,Delhi,Fashion,Sneakers,1,2443.79,20,2024-08-30,141.97,1,5.0,Debit Card,2443.79,1.0,1955.03,2024-08,2024,36-45
100256,1064,Male,44,Bangalore,Fashion,Handbag,1,1802.77,15,2023-12-27,185.39,6,5.0,Debit Card,1802.77,1.0,1532.35,2023-12,2023,36-45
100980,1121,Female,46,Hyderabad,Electronics,Headphones,2,17234.35,5,2023-08-29,133.59,4,1.0,Debit Card,6707.506249999999,2.0,32745.26,2023-08,2023,46-55
101186,1024,Male,26,Mumbai,Beauty,Hair Dryer,1,606.78,0,2024-05-15,57.31,4,5.0,Net Banking,606.78,1.0,606.78,2024-05,2024,26-35
101007,1421,Female,25,Jaipur,Fashion,Jeans,2,1966.23,5,2024-08-12,47.02,7,1.0,Cash On Delivery,1966.23,2.0,3735.84,2024-08,2024,<=25
101522,1484,Male,21,Kolkata,Home & Kitchen,Mixer Grinder,4,2792.38,15,2023-06-04,113.67,7,2.0,Net Banking,2792.38,3.5,9494.09,2023-06,2023,<=25
101690,1133,Male,27,Jaipur,Fashion,Sneakers,1,2203.25,5,2024-09-03,136.07,3,1.0,Debit Card,2203.25,1.0,2093.09,2024-09,2024,26-35
100209,1316,Other,25,Ahmedabad,Home & Kitchen,Cookware Set,1,2795.27,5,2023-07-20,71.43,1,4.0,Credit Card,2795.27,1.0,2655.51,2023-07,2023,<=25
100911,1084,Female,25,Kolkata,Fashion,T-Shirt,2,1579.36,15,2024-07-02,105.49,5,3.0,Credit Card,1579.36,2.0,2684.91,2024-07,2024,<=25
101312,1299,Other,32,Jaipur,Sports,Football,1,2879.31,25,2023-04-22,112.92,5,1.0,Credit Card,2879.31,1.0,2159.48,2023-04,2023,26-35
100002,1091,Female,48,Jaipur,Beauty,Lipstick,1,559.4,0,2024-09-18,78.0,4,4.0,Cash On Delivery,559.4,1.0,559.4,2024-09,2024,46-55
101366,1337,Male,35,Delhi,Home & Kitchen,Bedsheet,4,4155.01,0,2023-06-12,55.51,1,5.0,UPI,4155.01,3.5,16620.04,2023-06,2023,26-35
100270,1096,Male,35,Delhi,Books,Biography,1,431.4,20,2024-11-08,115.94,6,4.0,Cash On Delivery,431.4,1.0,345.12,2024-11,2024,26-35
100266,1077,Male,35,Jaipur,Books,Novel,1,455.5,5,2024-01-29,125.63,4,3.0,Net Banking,455.5,1.0,432.72,2024-01,2024,26-35
100915,1318,Female,47,Ahmedabad,Fashion,Jacket,1,1449.07,0,2023-10-07,30.64,4,4.0,Cash On Delivery,1449.07,1.0,1449.07,2023-10,2023,46-55
100231,1379,Male,49,Jaipur,Books,Novel,1,434.85,0,2024-08-18,116.78,8,4.0,Net Banking,434.85,1.0,434.85,2024-08,2024,46-55
101999,1018,Male,20,Hyderabad,Electronics,Smartphone,1,18606.14,5,2023-07-08,55.36,8,4.0,Net Banking,6707.506249999999,1.0,17675.83,2023-07,2023,<=25
101120,1438,Female,35,Pune,Books,Textbook,1,456.41,20,2024-06-15,69.01,5,5.0,Cash On Delivery,456.41,1.0,365.13,2024-06,2024,26-35
101993,1333,Female,35,Kolkata,Beauty,Perfume,3,634.68,0,2023-08-11,51.48,3,4.0,Cash On Delivery,634.68,3.0,1904.04,2023-08,2023,26-35
100865,1011,Male,20,Hyderabad,Sports,Yoga Mat,1,1646.07,15,2023-11-28,53.5,1,2.0,Credit Card,1646.07,1.0,1399.16,2023-11,2023,<=25
101067,1107,Male,26,Bangalore,Electronics,Smartwatch,2,22657.74,15,2023-02-22,54.01,2,4.0,Net Banking,6707.506249999999,2.0,38518.16,2023-02,2023,26-35
100874,1278,Female,50,Mumbai,Home & Kitchen,Bedsheet,1,2556.21,0,2024-11-13,96.17,5,1.0,Cash On Delivery,2556.21,1.0,2556.21,2024-11,2024,46-55
101817,1333,Female,16,Delhi,Fashion,Jeans,2,2792.66,15,2023-05-02,132.27,4,4.0,Cash On Delivery,2792.66,2.0,4747.52,2023-05,2023,<=25
100399,1477,Male,34,Chennai,Sports,Cricket Bat,1,2429.13,15,2023-06-25,51.37,5,3.0,Debit Card,2429.13,1.0,2064.76,2023-06,2023,26-35
101848,1007,Male,27,Jaipur,Books,Comic,1,545.15,5,2024-07-04,37.26,6,5.0,Cash On Delivery,545.15,1.0,517.89,2024-07,2024,26-35
101653,1036,Male,29,Patna,Electronics,Laptop,1,4671.41,10,2023-05-17,106.4,6,4.0,Debit Card,4671.41,1.0,4204.27,2023-05,2023,26-35
100046,1279,Female,34,Ahmedabad,Sports,Cricket Bat,1,1454.36,20,2023-10-08,104.5,6,5.0,UPI,1454.36,1.0,1163.49,2023-10,2023,26-35
100162,1476,Female,28,Hyderabad,Books,Textbook,1,331.16,15,2024-04-19,53.75,3,3.0,Cash On Delivery,331.16,1.0,281.49,2024-04,2024,26-35
100992,1390,Female,36,Pune,Home & Kitchen,Vacuum Cleaner,1,1622.28,20,2023-01-01,90.11,6,1.0,UPI,1622.28,1.0,1297.82,2023-01,2023,36-45
100728,1283,Female,25,Ahmedabad,Fashion,Sneakers,3,1468.76,0,2023-01-27,57.49,4,5.0,Credit Card,1468.76,3.0,4406.28,2023-01,2023,<=25
100630,1147,Male,42,Chennai,Books,Novel,2,336.66,30,2023-02-01,64.39,5,4.0,Cash On Delivery,336.66,2.0,471.32,2023-02,2023,36-45
100289,1289,Male,41,Delhi,Beauty,Shampoo,3,915.61,15,2024-01-19,53.21,5,2.0,Cash On Delivery,915.61,3.0,2334.81,2024-01,2024,36-45
101614,1088,Male,49,Pune,Books,Biography,1,457.43,20,2024-09-04,82.72,5,5.0,Credit Card,457.43,1.0,365.94,2024-09,2024,46-55
101060,1034,Male,55,Chennai,Home & Kitchen,Cookware Set,3,2824.05,5,2023-04-26,91.22,5,5.0,Credit Card,2824.05,3.0,8048.54,2023-04,2023,46-55
101977,1195,Male,22,Chennai,Sports,Dumbbells,2,1899.3,25,2023-05-09,70.97,3,3.0,UPI,1899.3,2.0,2848.95,2023-05,2023,<=25
100576,1336,Male,45,Ahmedabad,Beauty,Shampoo,1,1215.84,20,2024-03-22,80.95,4,2.0,Credit Card,1215.84,1.0,972.67,2024-03,2024,36-45
100851,1221,Female,56,Pune,Electronics,Smartphone,1,13498.3,0,2023-07-27,62.29,4,4.0,Net Banking,6707.506249999999,1.0,13498.3,2023-07,2023,56+
101340,1496,Male,38,Kolkata,Books,Biography,1,622.86,5,2023-11-12,17.24,9,3.0,Cash On Delivery,622.86,1.0,591.72,2023-11,2023,36-45
100912,1225,Female,20,Mumbai,Books,Comic,1,432.37,5,2023-05-06,8.29,2,4.0,Cash On Delivery,432.37,1.0,410.75,2023-05,2023,<=25
101255,1271,Male,35,Chennai,Books,Biography,1,271.97,5,2023-10-06,89.75,1,2.0,Net Banking,271.97,1.0,258.37,2023-10,2023,26-35
101914,1134,Female,28,Jaipur,Home & Kitchen,Bedsheet,1,3290.01,5,2023-10-06,126.75,2,4.0,Credit Card,3290.01,1.0,3125.51,2023-10,2023,26-35
101736,1063,Male,46,Chennai,Books,Novel,1,301.31,25,2024-02-14,74.09,3,4.0,Debit Card,301.31,1.0,225.98,2024-02,2024,46-55
100933,1236,Female,71,Mumbai,Sports,Running Shoes,2,1367.67,20,2023-12-11,91.78,1,4.0,Cash On Delivery,1367.67,2.0,2188.27,2023-12,2023,56+
101101,1141,Male,36,Mumbai,Beauty,Lipstick,2,776.05,20,2023-09-08,43.99,5,4.0,Net Banking,776.05,2.0,1241.68,2023-09,2023,36-45
101658,1307,Male,55,Jaipur,Beauty,Hair Dryer,1,1366.46,0,2023-07-17,114.73,6,4.0,Cash On Delivery,1366.46,1.0,1366.46,2023-07,2023,46-55
101208,1086,Male,35,Bangalore,Sports,Yoga Mat,1,2198.63,0,2024-12-04,135.91,2,5.0,Cash On Delivery,2198.63,1.0,2198.63,2024-12,2024,26-35
100248,1266,Female,46,Mumbai,Home & Kitchen,Lamp,1,1440.18,10,2024-12-23,131.47,1,5.0,Credit Card,1440.18,1.0,1296.16,2024-12,2024,46-55
100477,1371,Female,40,Mumbai,Fashion,Jeans,1,388.45,0,2024-07-25,87.07,3,4.0,Credit Card,388.45,1.0,388.45,2024-07,2024,36-45
101695,1110,Male,49,Jaipur,Beauty,Face Cream,1,893.33,10,2023-01-10,95.24,5,5.0,UPI,893.33,1.0,804.0,2023-01,2023,46-55
100086,1373,Female,51,Patna,Fashion,Jeans,4,1333.1,25,2023-01-03,73.35,8,4.0,Net Banking,1333.1,3.5,3999.3,2023-01,2023,46-55
100470,1346,Male,23,Mumbai,Home & Kitchen,Mixer Grinder,1,3104.7,25,2023-04-24,40.97,3,3.0,Credit Card,3104.7,1.0,2328.52,2023-04,2023,<=25
100226,1373,Female,30,Ahmedabad,Beauty,Shampoo,2,1015.31,5,2024-09-08,101.65,3,4.0,Credit Card,1015.31,2.0,1929.09,2024-09,2024,26-35
100775,1140,Male,46,Hyderabad,Electronics,Laptop,1,12530.59,20,2024-03-02,76.15,7,4.0,Debit Card,6707.506249999999,1.0,10024.47,2024-03,2024,46-55
100332,1462,Female,51,Pune,Books,Biography,1,462.74,15,2023-01-01,57.15,1,3.0,Credit Card,462.74,1.0,393.33,2023-01,2023,46-55
100234,1433,Male,48,Patna,Electronics,Headphones,3,16284.58,15,2024-09-22,45.2,3,2.0,Credit Card,6707.506249999999,3.0,41525.68,2024-09,2024,46-55
100589,1032,Male,48,Jaipur,Books,Cookbook,5,550.59,5,2023-07-17,81.39,3,3.0,Credit Card,550.59,3.5,2615.3,2023-07,2023,46-55
100476,1446,Female,54,Ahmedabad,Home & Kitchen,Vacuum Cleaner,2,3002.26,25,2023-10-28,81.87,7,5.0,Debit Card,3002.26,2.0,4503.39,2023-10,2023,46-55
101285,1477,Male,38,Delhi,Beauty,Hair Dryer,1,1149.37,15,2024-05-10,86.65,4,4.0,UPI,1149.37,1.0,976.96,2024-05,2024,36-45
101891,1454,Male,30,Kolkata,Home & Kitchen,Vacuum Cleaner,1,2622.63,5,2024-03-15,104.11,2,4.0,Cash On Delivery,2622.63,1.0,2491.5,2024-03,2024,26-35
100600,1374,Female,16,Patna,Electronics,Smartphone,3,13700.03,5,2024-06-25,79.39500000000001,6,4.0,Net Banking,6707.506249999999,3.0,39045.09,2024-06,2024,<=25
100422,1346,Male,26,Bangalore,Books,Novel,1,368.15,0,2023-01-28,87.16,6,5.0,Credit Card,368.15,1.0,368.15,2023-01,2023,26-35
101712,1440,Male,28,Chennai,Home & Kitchen,Bedsheet,2,615.05,10,2024-07-15,138.63,2,5.0,Cash On Delivery,615.05,2.0,1107.09,2024-07,2024,26-35
100183,1164,Male,37,Hyderabad,Home & Kitchen,Cookware Set,1,3513.1,20,2023-01-05,69.92,3,1.0,Debit Card,3513.1,1.0,2810.48,2023-01,2023,36-45
100989,1306,Female,46,Chennai,Home & Kitchen,Cookware Set,4,2436.11,15,2024-08-04,77.33,5,5.0,UPI,2436.11,3.5,8282.77,2024-08,2024,46-55
101001,1334,Male,32,Chennai,Books,Cookbook,2,491.82,0,2024-05-23,61.66,4,5.0,Net Banking,491.82,2.0,983.64,2024-05,2024,26-35
101642,1242,Male,30,Delhi,Beauty,Shampoo,1,708.85,25,2023-04-09,116.67,6,4.0,Cash On Delivery,708.85,1.0,531.64,2023-04,2023,26-35
101357,1358,Male,29,Delhi,Sports,Cricket Bat,1,1255.27,10,2023-02-25,89.79,5,4.0,UPI,1255.27,1.0,1129.74,2023-02,2023,26-35
101463,1250,Female,37,Pune,Sports,Cricket Bat,1,2046.81,0,2023-08-20,88.7,2,4.0,UPI,2046.81,1.0,2046.81,2023-08,2023,36-45
100050,1251,Male,52,Kolkata,Books,Textbook,1,436.15,0,2023-08-12,62.06,5,3.0,Credit Card,436.15,1.0,436.15,2023-08,2023,46-55
101898,1331,Female,36,Kolkata,Sports,Yoga Mat,1,2407.44,20,2023-08-29,49.43,1,5.0,Net Banking,2407.44,1.0,1925.95,2023-08,2023,36-45
101030,1021,Male,47,Mumbai,Fashion,Sneakers,2,1708.39,20,2024-04-04,79.39500000000001,4,5.0,UPI,1708.39,2.0,2733.42,2024-04,2024,46-55
100530,1143,Female,28,Hyderabad,Beauty,Perfume,2,426.07,0,2023-06-07,81.7,4,2.0,Credit Card,426.07,2.0,852.14,2023-06,2023,26-35
101259,1354,Female,49,Delhi,Fashion,Handbag,3,1737.52,20,2024-08-29,78.66,1,4.0,Cash On Delivery,1737.52,3.0,4170.05,2024-08,2024,46-55
100487,1201,Female,23,Kolkata,Home & Kitchen,Cookware Set,1,1417.53,10,2024-03-26,114.9,7,5.0,UPI,1417.53,1.0,1275.78,2024-03,2024,<=25
101974,1487,Male,37,Patna,Books,Textbook,2,355.66,0,2024-08-17,153.39,4,4.0,Cash On Delivery,355.66,2.0,711.32,2024-08,2024,36-45
100498,1079,Male,26,Chennai,Electronics,Headphones,1,23019.54,30,2024-03-29,42.78,4,4.0,Credit Card,6707.506249999999,1.0,16113.68,2024-03,2024,26-35
101647,1227,Male,48,Kolkata,Sports,Dumbbells,1,1530.18,15,2023-06-07,45.39,5,4.0,Credit Card,1530.18,1.0,1300.65,2023-06,2023,46-55
100107,1324,Male,35,Pune,Home & Kitchen,Mixer Grinder,2,4070.0,5,2024-05-25,90.91,3,4.0,Cash On Delivery,4070.0,2.0,7733.0,2024-05,2024,26-35
100444,1435,Female,45,Patna,Beauty,Hair Dryer,1,680.7,0,2024-06-15,79.43,6,4.0,Debit Card,680.7,1.0,680.7,2024-06,2024,36-45
101513,1052,Male,37,Jaipur,Books,Biography,5,448.42,25,2023-10-15,86.58,6,5.0,Cash On Delivery,448.42,3.5,1681.57,2023-10,2023,36-45
100647,1212,Female,27,Pune,Home & Kitchen,Lamp,1,2445.8,0,2023-05-11,107.85,7,4.0,UPI,2445.8,1.0,2445.8,2023-05,2023,26-35
101037,1495,Male,61,Ahmedabad,Books,Novel,1,463.62,0,2023-10-20,46.36,5,5.0,Net Banking,463.62,1.0,463.62,2023-10,2023,56+
101763,1062,Female,30,Delhi,Fashion,Sneakers,1,2053.66,0,2023-11-30,77.64,3,1.0,Credit Card,2053.66,1.0,2053.66,2023-11,2023,26-35
100727,1148,Female,37,Chennai,Home & Kitchen,Lamp,2,2754.21,25,2023-01-08,39.03,4,5.0,UPI,2754.21,2.0,4131.32,2023-01,2023,36-45
100191,1244,Male,39,Patna,Sports,Cricket Bat,1,1878.99,0,2023-02-23,72.16,4,2.0,Cash On Delivery,1878.99,1.0,1878.99,2023-02,2023,36-45
101789,1371,Male,25,Patna,Electronics,Tablet,4,12342.24,5,2024-05-16,76.18,8,5.0,Cash On Delivery,6707.506249999999,3.5,46900.51,2024-05,2024,<=25
101857,1033,Other,40,Chennai,Sports,Cricket Bat,1,1443.18,20,2024-06-25,71.86,5,1.0,UPI,1443.18,1.0,1154.54,2024-06,2024,36-45
100283,1116,Male,31,Jaipur,Fashion,Jacket,2,1604.6,0,2023-02-22,80.17,5,3.0,Net Banking,1604.6,2.0,3209.2,2023-02,2023,26-35
100030,1480,Female,44,Ahmedabad,Beauty,Lipstick,1,818.63,15,2023-01-26,111.29,4,4.0,Debit Card,818.63,1.0,695.84,2023-01,2023,36-45
100170,1018,Female,41,Patna,Fashion,Sneakers,1,1615.28,15,2024-08-12,56.51,5,3.0,Debit Card,1615.28,1.0,1372.99,2024-08,2024,36-45
101002,1274,Female,21,Delhi,Books,Comic,2,442.98,10,2024-07-29,175.88,4,4.0,UPI,442.98,2.0,797.36,2024-07,2024,<=25
101205,1149,Female,16,Pune,Fashion,Jacket,2,1365.63,15,2023-04-08,48.24,3,2.0,Cash On Delivery,1365.63,2.0,2321.57,2023-04,2023,<=25
100101,1144,Male,33,Jaipur,Beauty,Shampoo,3,817.34,15,2023-11-27,18.25,6,4.0,Credit Card,817.34,3.0,2084.22,2023-11,2023,26-35
100198,1113,Female,33,Ahmedabad,Electronics,Tablet,1,29195.92,15,2023-07-09,42.29,6,2.0,Credit Card,6707.506249999999,1.0,24816.53,2023-07,2023,26-35
100496,1409,Male,58,Mumbai,Beauty,Perfume,1,881.68,5,2023-12-03,80.21,8,4.0,Cash On Delivery,881.68,1.0,837.6,2023-12,2023,56+
101746,1057,Male,20,Hyderabad,Books,Comic,3,541.33,25,2024-08-27,2.65,3,5.0,Net Banking,541.33,3.0,1217.99,2024-08,2024,<=25
100648,1418,Male,40,Patna,Books,Comic,1,275.31,5,2024-09-05,108.28,1,2.0,UPI,275.31,1.0,261.54,2024-09,2024,36-45
100988,1325,Female,43,Jaipur,Fashion,Jeans,3,1485.52,5,2024-01-15,110.01,8,5.0,Net Banking,1485.52,3.0,4233.73,2024-01,2024,36-45
100045,1294,Female,37,Pune,Beauty,Perfume,1,705.01,10,2024-01-22,183.91,5,5.0,Net Banking,705.01,1.0,634.51,2024-01,2024,36-45
101958,1010,Female,30,Mumbai,Books,Comic,1,522.14,20,2024-01-13,92.66,5,4.0,UPI,522.14,1.0,417.71,2024-01,2024,26-35
100711,1499,Male,26,Bangalore,Books,Novel,2,434.17,30,2024-01-24,89.87,4,4.0,Cash On Delivery,434.17,2.0,607.84,2024-01,2024,26-35
100374,1086,Male,28,Pune,Sports,Yoga Mat,1,2042.71,5,2023-02-13,58.34,6,4.0,Credit Card,2042.71,1.0,1940.57,2023-02,2023,26-35
100679,1455,Male,51,Patna,Beauty,Perfume,1,513.57,0,2023-04-02,106.68,4,4.0,Debit Card,513.57,1.0,513.57,2023-04,2023,46-55
100567,1308,Male,31,Chennai,Home & Kitchen,Lamp,1,3820.83,15,2023-11-05,71.57,4,4.0,Credit Card,3820.83,1.0,3247.71,2023-11,2023,26-35
101673,1008,Female,34,Ahmedabad,Home & Kitchen,Cookware Set,2,2036.84,10,2024-06-13,145.62,4,4.0,Net Banking,2036.84,2.0,3666.31,2024-06,2024,26-35
100848,1018,Female,37,Kolkata,Home & Kitchen,Vacuum Cleaner,1,5475.69,15,2023-10-29,65.39,7,5.0,Cash On Delivery,5475.69,1.0,4654.34,2023-10,2023,36-45
100461,1337,Female,57,Delhi,Fashion,Sneakers,1,1720.24,10,2024-05-16,113.09,1,5.0,Cash On Delivery,1720.24,1.0,1548.22,2024-05,2024,56+
101438,1086,Female,38,Chennai,Sports,Cricket Bat,1,2190.47,15,2024-06-25,25.96,4,3.0,Debit Card,2190.47,1.0,1861.9,2024-06,2024,36-45
101156,1265,Male,36,Mumbai,Electronics,Laptop,3,17773.68,25,2024-08-29,112.47,4,1.0,Debit Card,6707.506249999999,3.0,39990.78,2024-08,2024,36-45
100040,1228,Male,33,Bangalore,Beauty,Shampoo,2,825.8,0,2024-08-16,44.47,4,5.0,Net Banking,825.8,2.0,1651.6,2024-08,2024,26-35
100435,1329,Male,47,Kolkata,Sports,Cricket Bat,1,2554.99,15,2023-11-25,109.01,6,4.0,Debit Card,2554.99,1.0,2171.74,2023-11,2023,46-55
100974,1034,Male,37,Delhi,Fashion,Handbag,4,1441.74,0,2023-09-28,121.21,6,5.0,UPI,1441.74,3.5,5766.96,2023-09,2023,36-45
101240,1180,Female,25,Jaipur,Beauty,Lipstick,2,819.53,10,2024-07-18,27.52,7,3.0,Cash On Delivery,819.53,2.0,1475.15,2024-07,2024,<=25
101008,1017,Female,30,Ahmedabad,Beauty,Face Cream,2,1288.7,30,2024-10-14,74.93,7,5.0,UPI,1288.7,2.0,1804.18,2024-10,2024,26-35
101580,1352,Female,35,Mumbai,Fashion,Jeans,1,1712.02,10,2024-07-31,115.43,7,4.0,Net Banking,1712.02,1.0,1540.82,2024-07,2024,26-35
101591,1236,Other,39,Mumbai,Fashion,Sneakers,1,1445.86,0,2023-11-21,50.86,3,5.0,UPI,1445.86,1.0,1445.86,2023-11,2023,36-45
101787,1400,Male,35,Mumbai,Home & Kitchen,Lamp,3,1509.24,0,2024-04-17,117.4,4,4.0,Credit Card,1509.24,3.0,4527.72,2024-04,2024,26-35
101499,1010,Male,29,Patna,Books,Cookbook,1,584.73,25,2023-08-21,61.7,5,4.0,Net Banking,584.73,1.0,438.55,2023-08,2023,26-35
100457,1489,Male,23,Mumbai,Sports,Yoga Mat,1,1634.87,25,2023-07-27,155.58,7,3.0,UPI,1634.87,1.0,1226.15,2023-07,2023,<=25
101836,1274,Male,23,Jaipur,Books,Novel,3,586.95,0,2023-12-10,23.74,3,4.0,Debit Card,586.95,3.0,1760.85,2023-12,2023,<=25
100261,1165,Male,43,Bangalore,Home & Kitchen,Mixer Grinder,1,3009.63,30,2024-02-20,13.43,9,2.0,Net Banking,3009.63,1.0,2106.74,2024-02,2024,36-45
101841,1275,Female,41,Bangalore,Electronics,Tablet,3,18997.88,15,2024-09-12,70.25,7,5.0,UPI,6707.506249999999,3.0,48444.59,2024-09,2024,36-45
100036,1061,Female,29,Mumbai,Beauty,Face Cream,2,1166.67,5,2024-12-07,48.23,5,5.0,UPI,1166.67,2.0,2216.67,2024-12,2024,26-35
100828,1495,Female,41,Chennai,Books,Textbook,1,110.62,0,2023-10-01,71.67,5,4.0,Net Banking,110.62,1.0,110.62,2023-10,2023,36-45
100310,1345,Female,25,Jaipur,Fashion,Sneakers,1,80.5,0,2023-04-21,39.22,5,1.0,UPI,80.5,1.0,80.5,2023-04,2023,<=25
100277,1035,Male,20,Kolkata,Electronics,Smartwatch,1,19302.1,30,2023-02-20,158.65,1,5.0,Cash On Delivery,6707.506249999999,1.0,13511.47,2023-02,2023,<=25
100637,1266,Male,35,Patna,Electronics,Laptop,1,6042.99,10,2023-08-12,71.01,5,3.0,UPI,6042.99,1.0,5438.69,2023-08,2023,26-35
100623,1292,Female,16,Delhi,Home & Kitchen,Cookware Set,1,2894.47,5,2023-02-22,107.05,8,5.0,UPI,2894.47,1.0,2749.75,2023-02,2023,<=25
101860,1291,Male,16,Delhi,Sports,Football,1,2692.49,10,2023-09-21,48.97,4,5.0,Debit Card,2692.49,1.0,2423.24,2023-09,2023,<=25
100845,1214,Male,16,Chennai,Fashion,Jacket,5,2006.17,15,2024-02-20,103.84,4,4.0,Net Banking,2006.17,3.5,8526.22,2024-02,2024,<=25
100394,1355,Female,38,Bangalore,Books,Comic,1,334.65,10,2023-11-17,48.03,5,2.0,Credit Card,334.65,1.0,301.18,2023-11,2023,36-45
101770,1038,Female,60,Pune,Home & Kitchen,Lamp,4,3804.17,10,2023-06-30,89.48,5,5.0,Credit Card,3804.17,3.5,13695.01,2023-06,2023,56+
100108,1458,Female,35,Patna,Books,Comic,1,201.52,15,2024-11-22,19.71,3,4.0,Debit Card,201.52,1.0,171.29,2024-11,2024,26-35
100350,1290,Male,35,Jaipur,Electronics,Tablet,1,12412.44,15,2024-01-17,108.89,2,5.0,Cash On Delivery,6707.506249999999,1.0,10550.57,2024-01,2024,26-35
100525,1386,Male,35,Ahmedabad,Sports,Cricket Bat,1,1770.3,15,2023-12-25,89.26,6,3.0,UPI,1770.3,1.0,1504.76,2023-12,2023,26-35
100785,1083,Female,36,Delhi,Beauty,Perfume,1,767.06,20,2024-03-01,91.03,9,3.0,UPI,767.06,1.0,613.65,2024-03,2024,36-45
100048,1119,Male,16,Hyderabad,Beauty,Hair Dryer,2,1477.72,5,2024-07-16,17.56,4,4.0,Net Banking,1477.72,2.0,2807.67,2024-07,2024,<=25
100204,1132,Female,29,Jaipur,Books,Textbook,1,485.52,15,2024-01-29,131.67,8,4.0,Cash On Delivery,485.52,1.0,412.69,2024-01,2024,26-35
101656,1261,Male,54,Mumbai,Home & Kitchen,Bedsheet,1,3404.28,15,2023-07-08,116.05,6,1.0,Debit Card,3404.28,1.0,2893.64,2023-07,2023,46-55
100022,1090,Female,17,Jaipur,Beauty,Shampoo,1,888.37,20,2023-07-02,0.0,4,4.0,Net Banking,888.37,1.0,710.7,2023-07,2023,<=25
100403,1365,Male,29,Kolkata,Fashion,Handbag,1,1685.04,0,2023-09-21,0.0,6,5.0,Net Banking,1685.04,1.0,1685.04,2023-09,2023,26-35
101108,1077,Female,44,Mumbai,Home & Kitchen,Vacuum Cleaner,1,2557.09,15,2024-08-17,42.66,2,3.0,Credit Card,2557.09,1.0,2173.53,2024-08,2024,36-45
101155,1376,Female,34,Mumbai,Books,Novel,2,408.04,0,2023-12-16,77.62,3,5.0,UPI,408.04,2.0,816.08,2023-12,2023,26-35
101440,1206,Female,57,Mumbai,Beauty,Shampoo,1,1159.65,20,2023-11-04,137.08,4,4.0,UPI,1159.65,1.0,927.72,2023-11,2023,56+
100990,1412,Male,42,Hyderabad,Fashion,Handbag,1,1775.29,15,2023-11-11,111.66,7,4.0,Debit Card,1775.29,1.0,1509.0,2023-11,2023,36-45
101866,1436,Male,46,Mumbai,Fashion,Jacket,1,2160.7,10,2024-07-10,116.26,3,5.0,Cash On Delivery,2160.7,1.0,1944.63,2024-07,2024,46-55
100742,1416,Male,25,Hyderabad,Sports,Running Shoes,1,974.15,20,2024-11-23,104.58,6,5.0,Debit Card,974.15,1.0,779.32,2024-11,2024,<=25
101722,1444,Male,32,Delhi,Electronics,Headphones,1,4175.67,0,2024-05-07,48.69,5,5.0,Credit Card,4175.67,1.0,4175.67,2024-05,2024,26-35
101311,1308,Female,35,Jaipur,Beauty,Face Cream,1,484.9,10,2023-05-27,53.02,8,4.0,Debit Card,484.9,1.0,436.41,2023-05,2023,26-35
101148,1328,Male,37,Mumbai,Books,Textbook,1,446.46,5,2023-06-08,72.9,6,2.0,Credit Card,446.46,1.0,424.14,2023-06,2023,36-45
100034,1369,Female,38,Ahmedabad,Sports,Dumbbells,1,1896.73,0,2023-03-04,37.66,4,5.0,Cash On Delivery,1896.73,1.0,1896.73,2023-03,2023,36-45
100788,1145,Female,35,Kolkata,Sports,Cricket Bat,5,2282.95,5,2023-03-22,62.34,8,4.0,Credit Card,2282.95,3.5,10844.01,2023-03,2023,26-35
101541,1472,Female,30,Pune,Electronics,Smartwatch,1,50.0,25,2023-08-31,80.07,8,3.0,Cash On Delivery,50.0,1.0,37.5,2023-08,2023,26-35
100924,1356,Female,45,Bangalore,Beauty,Perfume,1,720.12,0,2023-06-30,16.96,1,5.0,Debit Card,720.12,1.0,720.12,2023-06,2023,36-45
101044,1201,Male,18,Mumbai,Sports,Football,1,2559.05,20,2023-05-26,30.22,5,5.0,Cash On Delivery,2559.05,1.0,2047.24,2023-05,2023,<=25
101955,1011,Female,47,Ahmedabad,Beauty,Face Cream,1,1251.77,20,2023-06-13,9.85,8,5.0,UPI,1251.77,1.0,1001.42,2023-06,2023,46-55
101244,1256,Male,22,Pune,Beauty,Shampoo,1,1105.24,0,2023-08-06,108.14,3,3.0,Net Banking,1105.24,1.0,1105.24,2023-08,2023,<=25
101916,1436,Other,48,Pune,Books,Cookbook,1,439.77,10,2024-02-12,107.04,7,2.0,Cash On Delivery,439.77,1.0,395.79,2024-02,2024,46-55
100580,1310,Female,31,Chennai,Fashion,T-Shirt,1,1527.07,5,2023-04-05,76.83,4,4.0,UPI,1527.07,1.0,1450.72,2023-04,2023,26-35
100482,1223,Male,39,Mumbai,Fashion,Jacket,2,1211.55,5,2024-09-30,48.69,7,4.0,Debit Card,1211.55,2.0,2301.94,2024-09,2024,36-45
100932,1404,Male,34,Chennai,Sports,Dumbbells,1,1353.01,25,2024-07-08,59.87,6,1.0,Debit Card,1353.01,1.0,1014.76,2024-07,2024,26-35
100357,1315,Female,54,Jaipur,Electronics,Headphones,4,9264.09,0,2023-02-12,102.51,5,5.0,Debit Card,6707.506249999999,3.5,37056.36,2023-02,2023,46-55
101686,1123,Male,29,Hyderabad,Home & Kitchen,Bedsheet,4,3259.64,5,2023-12-16,57.27,3,3.0,Credit Card,3259.64,3.5,12386.63,2023-12,2023,26-35
101249,1363,Female,35,Patna,Books,Novel,2,85.95,15,2024-01-06,142.34,4,3.0,Net Banking,85.95,2.0,146.12,2024-01,2024,26-35
100760,1179,Male,22,Hyderabad,Fashion,Handbag,2,1714.38,5,2023-02-11,101.0,2,5.0,Credit Card,1714.38,2.0,3257.32,2023-02,2023,<=25
100093,1180,Male,50,Jaipur,Home & Kitchen,Bedsheet,2,3370.36,10,2024-06-13,112.95,4,4.0,Cash On Delivery,3370.36,2.0,6066.65,2024-06,2024,46-55
101176,1257,Female,55,Patna,Books,Cookbook,1,409.16,0,2024-11-09,79.3,3,5.0,Credit Card,409.16,1.0,409.16,2024-11,2024,46-55
101416,1343,Female,38,Ahmedabad,Beauty,Face Cream,1,410.62,25,2023-08-23,65.51,7,4.0,Cash On Delivery,410.62,1.0,307.97,2023-08,2023,36-45
101342,1120,Female,26,Bangalore,Home & Kitchen,Vacuum Cleaner,1,3808.62,15,2023-07-19,166.21,2,5.0,Cash On Delivery,3808.62,1.0,3237.33,2023-07,2023,26-35
101473,1098,Female,26,Mumbai,Home & Kitchen,Lamp,1,2815.99,5,2024-08-07,62.7,5,5.0,Net Banking,2815.99,1.0,2675.19,2024-08,2024,26-35
100804,1477,Male,31,Patna,Home & Kitchen,Vacuum Cleaner,1,2529.47,25,2024-06-05,66.76,7,4.0,Debit Card,2529.47,1.0,1897.1,2024-06,2024,26-35
100746,1301,Female,23,Bangalore,Beauty,Perfume,2,952.29,25,2024-11-08,36.59,6,3.0,Net Banking,952.29,2.0,1428.44,2024-11,2024,<=25
101547,1405,Female,48,Hyderabad,Electronics,Laptop,1,21490.87,25,2024-04-30,78.37,2,5.0,Credit Card,6707.506249999999,1.0,16118.15,2024-04,2024,46-55
100280,1309,Male,43,Bangalore,Fashion,T-Shirt,2,1058.5,15,2023-02-13,30.82,5,3.0,Net Banking,1058.5,2.0,1799.45,2023-02,2023,36-45
101608,1158,Male,35,Chennai,Books,Comic,1,351.96,10,2024-02-14,124.52,4,5.0,Net Banking,351.96,1.0,316.76,2024-02,2024,26-35
100765,1023,Female,51,Chennai,Fashion,Sneakers,1,1320.37,0,2023-04-23,190.14,6,4.0,Debit Card,1320.37,1.0,1320.37,2023-04,2023,46-55
100605,1248,Female,48,Pune,Fashion,Jacket,1,738.66,10,2024-10-12,70.63,4,4.0,UPI,738.66,1.0,664.79,2024-10,2024,46-55
101469,1188,Female,30,Jaipur,Sports,Cricket Bat,1,3380.35,10,2023-08-10,79.39500000000001,5,4.0,UPI,3380.35,1.0,3042.32,2023-08,2023,26-35
101374,1476,Female,32,Mumbai,Sports,Running Shoes,1,2021.31,0,2023-06-29,113.12,8,5.0,Cash On Delivery,2021.31,1.0,2021.31,2023-06,2023,26-35
101952,1168,Male,52,Chennai,Beauty,Lipstick,1,1036.02,10,2023-12-22,67.56,9,3.0,Cash On Delivery,1036.02,1.0,932.42,2023-12,2023,46-55
101399,1279,Male,48,Hyderabad,Books,Novel,5,594.03,5,2024-05-22,73.69,3,4.0,Credit Card,594.03,3.5,2821.64,2024-05,2024,46-55
100401,1154,Male,36,Bangalore,Fashion,Jeans,3,1515.25,0,2024-10-22,76.76,4,4.0,UPI,1515.25,3.0,4545.75,2024-10,2024,36-45
101729,1156,Female,37,Bangalore,Sports,Football,1,996.87,10,2023-02-05,0.0,5,5.0,Debit Card,996.87,1.0,897.18,2023-02,2023,36-45
100258,1155,Male,35,Ahmedabad,Fashion,Handbag,1,1228.94,15,2023-01-05,102.41,4,4.0,UPI,1228.94,1.0,1044.6,2023-01,2023,26-35
100945,1472,Male,35,Mumbai,Sports,Dumbbells,2,854.98,20,2023-07-20,112.53,7,4.0,Debit Card,854.98,2.0,1367.97,2023-07,2023,26-35
101876,1300,Female,23,Jaipur,Electronics,Laptop,1,26889.65,30,2023-08-21,40.76,3,5.0,Credit Card,6707.506249999999,1.0,18822.76,2023-08,2023,<=25
101097,1223,Female,30,Ahmedabad,Beauty,Shampoo,2,1364.86,15,2024-01-15,23.14,4,4.0,Credit Card,1364.86,2.0,2320.26,2024-01,2024,26-35
101220,1148,Male,42,Patna,Books,Biography,2,183.22,10,2024-02-04,74.84,7,5.0,Debit Card,183.22,2.0,329.8,2024-02,2024,36-45
101508,1189,Female,22,Mumbai,Beauty,Lipstick,1,1306.85,10,2024-11-04,78.75,9,3.0,Debit Card,1306.85,1.0,1176.16,2024-11,2024,<=25
101880,1162,Female,52,Hyderabad,Electronics,Smartphone,1,12091.7,20,2023-12-19,82.39,3,4.0,Net Banking,6707.506249999999,1.0,9673.36,2023-12,2023,46-55
101162,1213,Male,38,Mumbai,Fashion,T-Shirt,2,1367.04,5,2023-10-10,102.03,6,5.0,Debit Card,1367.04,2.0,2597.38,2023-10,2023,36-45
100495,1460,Male,46,Bangalore,Beauty,Hair Dryer,1,744.13,5,2024-11-12,77.7,4,5.0,Debit Card,744.13,1.0,706.92,2024-11,2024,46-55
100773,1401,Female,19,Mumbai,Home & Kitchen,Cookware Set,1,492.98,25,2023-05-07,83.71,3,5.0,Debit Card,492.98,1.0,369.74,2023-05,2023,<=25
100551,1066,Other,16,Hyderabad,Electronics,Headphones,1,13914.45,10,2024-06-28,22.07,7,4.0,Credit Card,6707.506249999999,1.0,12523.0,2024-06,2024,<=25
101487,1169,Female,43,Patna,Fashion,Sneakers,4,2152.1,25,2023-09-18,131.85,4,4.0,Net Banking,2152.1,3.5,6456.3,2023-09,2023,36-45
100202,1222,Female,16,Delhi,Home & Kitchen,Vacuum Cleaner,1,2872.1,5,2024-09-26,109.04,3,4.0,UPI,2872.1,1.0,2728.5,2024-09,2024,<=25
100313,1235,Male,35,Pune,Sports,Football,1,1649.57,5,2023-12-19,10.94,3,4.0,Debit Card,1649.57,1.0,1567.09,2023-12,2023,26-35
100291,1037,Male,45,Patna,Electronics,Smartwatch,1,24327.78,20,2024-12-17,96.74,4,4.0,Net Banking,6707.506249999999,1.0,19462.22,2024-12,2024,36-45
101985,1484,Female,23,Hyderabad,Electronics,Headphones,1,14632.16,10,2024-01-05,140.32,6,4.0,Net Banking,6707.506249999999,1.0,13168.94,2024-01,2024,<=25
101214,1098,Male,43,Ahmedabad,Beauty,Shampoo,1,1106.57,0,2024-08-18,85.06,5,4.0,UPI,1106.57,1.0,1106.57,2024-08,2024,36-45
100764,1157,Female,36,Jaipur,Sports,Cricket Bat,1,1481.46,15,2023-09-16,90.11,4,4.0,Cash On Delivery,1481.46,1.0,1259.24,2023-09,2023,36-45
101137,1161,Male,36,Pune,Sports,Football,1,1142.52,15,2024-09-17,128.9,5,5.0,Debit Card,1142.52,1.0,971.14,2024-09,2024,36-45
100950,1084,Female,30,Delhi,Fashion,Sneakers,1,1190.92,0,2024-05-20,131.34,5,4.0,UPI,1190.92,1.0,1190.92,2024-05,2024,26-35
100184,1316,Male,25,Chennai,Sports,Yoga Mat,4,2273.51,0,2024-12-16,83.51,5,5.0,Net Banking,2273.51,3.5,9094.04,2024-12,2024,<=25
101177,1416,Male,16,Hyderabad,Home & Kitchen,Vacuum Cleaner,1,1360.53,15,2023-10-20,65.4,1,4.0,Cash On Delivery,1360.53,1.0,1156.45,2023-10,2023,<=25
101849,1291,Female,40,Pune,Electronics,Headphones,1,9429.56,0,2024-09-18,79.39500000000001,5,5.0,Credit Card,6707.506249999999,1.0,9429.56,2024-09,2024,36-45
101350,1238,Male,47,Ahmedabad,Home & Kitchen,Mixer Grinder,4,3799.28,10,2023-02-23,93.28,3,5.0,Net Banking,3799.28,3.5,13677.41,2023-02,2023,46-55
101728,1398,Female,39,Hyderabad,Electronics,Headphones,1,18120.09,20,2023-06-03,83.17,3,5.0,Net Banking,6707.506249999999,1.0,14496.07,2023-06,2023,36-45
101069,1386,Female,44,Delhi,Books,Textbook,1,463.0,10,2024-08-26,88.14,6,2.0,Net Banking,463.0,1.0,416.7,2024-08,2024,36-45
101812,1004,Male,44,Delhi,Electronics,Tablet,1,13310.73,5,2023-07-13,116.43,6,5.0,Credit Card,6707.506249999999,1.0,12645.19,2023-07,2023,36-45
100251,1301,Female,35,Patna,Electronics,Laptop,1,15850.08,0,2023-03-09,131.6,1,5.0,Net Banking,6707.506249999999,1.0,15850.08,2023-03,2023,26-35
100824,1408,Female,44,Ahmedabad,Sports,Running Shoes,2,1105.53,30,2024-05-21,102.81,6,4.0,Debit Card,1105.53,2.0,1547.74,2024-05,2024,36-45
101100,1280,Male,33,Hyderabad,Home & Kitchen,Mixer Grinder,1,2646.0,15,2023-07-31,16.31,4,3.0,Credit Card,2646.0,1.0,2249.1,2023-07,2023,26-35
101537,1108,Male,34,Chennai,Electronics,Tablet,1,13272.36,15,2023-11-10,59.73,4,1.0,UPI,6707.506249999999,1.0,11281.51,2023-11,2023,26-35
100941,1025,Male,47,Kolkata,Home & Kitchen,Bedsheet,2,1757.34,10,2024-10-26,76.85,4,3.0,Net Banking,1757.34,2.0,3163.21,2024-10,2024,46-55
100392,1397,Female,35,Chennai,Electronics,Smartphone,1,9113.81,15,2023-09-08,88.89,4,4.0,Cash On Delivery,6707.506249999999,1.0,7746.74,2023-09,2023,26-35
101920,1203,Female,16,Chennai,Fashion,T-Shirt,1,1841.05,15,2023-08-04,61.63,2,4.0,UPI,1841.05,1.0,1564.89,2023-08,2023,<=25
101457,1304,Male,41,Bangalore,Beauty,Face Cream,1,802.05,10,2023-02-23,82.78,4,5.0,Cash On Delivery,802.05,1.0,721.84,2023-02,2023,36-45
101093,1016,Male,39,Mumbai,Sports,Cricket Bat,2,2331.82,0,2024-12-01,66.84,4,5.0,Net Banking,2331.82,2.0,4663.64,2024-12,2024,36-45
101192,1264,Male,39,Chennai,Home & Kitchen,Bedsheet,3,2800.93,10,2024-06-01,110.49,1,4.0,Net Banking,2800.93,3.0,7562.51,2024-06,2024,36-45
100905,1409,Other,16,Patna,Electronics,Smartphone,1,13962.21,25,2023-06-02,30.18,4,5.0,Net Banking,6707.506249999999,1.0,10471.66,2023-06,2023,<=25
100731,1052,Other,28,Bangalore,Electronics,Tablet,1,20681.54,10,2023-06-14,103.0,2,5.0,Cash On Delivery,6707.506249999999,1.0,18613.39,2023-06,2023,26-35
100555,1434,Male,17,Mumbai,Sports,Yoga Mat,1,3129.41,15,2024-05-17,77.87,6,5.0,Net Banking,3129.41,1.0,2660.0,2024-05,2024,<=25
100367,1376,Female,35,Mumbai,Electronics,Smartwatch,1,16231.63,25,2024-10-06,92.51,4,4.0,Credit Card,6707.506249999999,1.0,12173.72,2024-10,2024,26-35
100346,1401,Female,35,Jaipur,Home & Kitchen,Lamp,1,2614.99,5,2023-02-27,131.97,4,5.0,UPI,2614.99,1.0,2484.24,2023-02,2023,26-35
101609,1216,Female,25,Chennai,Electronics,Tablet,1,20746.38,10,2024-07-27,79.39500000000001,7,3.0,UPI,6707.506249999999,1.0,18671.74,2024-07,2024,<=25
100536,1321,Male,48,Ahmedabad,Beauty,Perfume,1,909.77,5,2023-06-16,48.98,5,5.0,UPI,909.77,1.0,864.28,2023-06,2023,46-55
101423,1252,Female,47,Delhi,Home & Kitchen,Bedsheet,1,3961.8,30,2023-03-24,79.39500000000001,4,4.0,UPI,3961.8,1.0,2773.26,2023-03,2023,46-55
101210,1234,Female,35,Delhi,Fashion,Jacket,1,2557.55,20,2023-08-16,101.56,4,3.0,Debit Card,2557.55,1.0,2046.04,2023-08,2023,26-35
101373,1148,Male,34,Pune,Beauty,Face Cream,1,863.62,10,2023-11-10,70.35,7,5.0,UPI,863.62,1.0,777.26,2023-11,2023,26-35
101640,1257,Female,38,Patna,Fashion,Handbag,1,1129.7,0,2023-03-12,68.54,4,1.0,Debit Card,1129.7,1.0,1129.7,2023-03,2023,36-45
100920,1268,Female,64,Bangalore,Beauty,Perfume,1,306.23,25,2023-10-15,123.0,4,4.0,Credit Card,306.23,1.0,229.67,2023-10,2023,56+
100212,1258,Male,48,Pune,Electronics,Smartphone,2,28505.72,0,2023-08-08,60.39,3,3.0,Credit Card,6707.506249999999,2.0,57011.44,2023-08,2023,46-55
101604,1214,Male,26,Patna,Fashion,T-Shirt,1,1962.71,5,2024-03-04,55.58,4,5.0,Credit Card,1962.71,1.0,1864.57,2024-03,2024,26-35
100503,1462,Male,23,Jaipur,Books,Novel,2,317.5,0,2024-08-16,79.77,2,4.0,Credit Card,317.5,2.0,635.0,2024-08,2024,<=25
100538,1454,Male,44,Patna,Sports,Yoga Mat,1,2190.79,10,2023-03-04,64.69,2,1.0,Credit Card,2190.79,1.0,1971.71,2023-03,2023,36-45
101221,1252,Female,24,Mumbai,Electronics,Smartwatch,1,12616.34,25,2023-03-19,121.71,7,4.0,UPI,6707.506249999999,1.0,9462.26,2023-03,2023,<=25
100176,1041,Female,28,Mumbai,Home & Kitchen,Cookware Set,1,3633.08,25,2024-01-14,81.29,5,5.0,Cash On Delivery,3633.08,1.0,2724.81,2024-01,2024,26-35
